nation_id,varanius_1758501414,tinhampton_1758643240
-absurdistan-,1,
-eunomia,0,1
-shizouka-,0,1
-sordland,1,
-urzikstan,1,
0000001,0,0
0cala,1,0
1-502nd_airborne_inf,,0
11_templar_knights,0,
1ammok,,0
28th_socialist_brigade,,1
3_reix12,0,
3rd_landfall_empire,1,
3rd_republic_of_praha,0,0
42forever,,1
6th_vallean_armoured_regiment,,1
88th_seige_korps_of_kreig,1,1
9005,0,
911,1,
a_familys_nation,,0
a_mean_old_man,1,0
aarden_nations,1,1
abdalnka,,0
aberliada,1,
aboranada,0,1
abrilandia,1,
absent_human_rights,0,
acara_shura,1,0
acejr,1,
achias,1,0
acrotraria,1,0
adamnia_republic,1,
adantine,1,
adeligne,,0
adeloria,0,0
adestria,1,
adinesi,0,1
adjacentina,0,1
adlibitum,0,0
adminator,0,
adolanta,1,0
adorian,1,0
adrianno,1,
adrishyalokah,1,
adutya,0,
aegisfell,1,0
aeljae,1,0
aelstatd,1,
aequitas_iii,0,0
aequiteria,1,
aerdholm,1,
aestorn,0,
aethenstaff,1,
aethernum,,0
aeurithianar,1,0
aevana,0,
afaenvia,,0
afria_thebel,,0
africanskiy_soyz,0,
afrotem,0,0
afterbalhae_of_republic,0,
agandazan,,1
agima,1,
agithius,,0
agora_kingdom,1,0
aguris,,0
aguyje-yvy,0,1
aigania,1,
aigeus,1,
aina_kuokoa,0,
aina_pomaikai,1,0
ainslie,0,0
airerby,1,1
ajakor,0,0
akarea,1,
akhenet,1,
akua-niihau,,0
akunzoian_empire,1,1
akutanija,,1
akuzo,1,
al-fajraya,1,0
al_abamistan,1,0
alabamy,1,0
alainian_otters,1,
alam_melayu,0,
alangrad,0,1
alans_land,0,1
alardonia,1,
alaskan_free_state1,0,1
albdear,1,0
albetian,1,
alcaria,0,1
alcrosnia,1,
alder_alderaan,,0
alentejo_and_algarve,,0
alesina,1,1
aletz,1,
alexandria-hyperion,0,1
alexein,1,0
alexxiah,1,
alf_landon,0,
alhai,0,0
alheri,,1
ali_baba_and_the_40_fleas,0,
alien_a,1,1
alinek,0,1
alinore,0,1
aliona,0,
alixe,,1
all_hail_adriana,1,
alleman,1,0
alma_altar,1,1
almartan,1,0
almeriense,1,
almonaster_nuevo,0,1
alorsa,1,0
alpheridies,0,
alphus_imperium,,0
alquati,0,1
alrissia,,1
alsion,1,0
alski,1,1
alstratzkon,0,
alta_castria,1,0
altades,,0
altainia,,1
altanteean,1,0
alter-mont,1,
alterra_corporations,,0
althol,1,0
altnavia,0,
alto_ipiranga,1,1
alvakheda,1,
alvalero,1,
amabilis,1,0
amach,,0
amazon_states,0,1
ambarinadino,1,0
american-cascadia,1,
american_generations,1,0
american_labor_republics,1,1
american_rojava,1,1
americanican,1,0
americatain,1,
amerion,1,0
amestny,1,
amestrris,1,0
amexipania,0,1
amina_kodu,1,
amirante,,1
ammehoela,1,
ammmericaaaa,0,0
amoni_keareah,1,1
amorana,0,1
amsden,1,
amungme_asmat,0,
anador,0,0
anakeion,1,0
anantaranya,0,0
anarborous,1,0
anarchan_free_territories,1,0
anarchia_libertas,0,
anarchist_squads,1,0
anarres_ii,0,1
ancarchyland,1,0
ancient_slobovia,0,0
ancron,0,1
anctraziania,1,0
andaricus,1,
andoros,1,0
andox_legarce,1,
andrendia,0,
andso_mangis,0,1
anewia,1,
angakluk,,1
angels_halo,1,
anglafolcia,1,0
angle_land,0,1
anglischland_kaiserreich,0,
anglo-dutch_alliance,1,1
anglost,1,1
angusessa,0,0
anhalt_dessau,1,
anhtegna,1,
ankhion,,0
ankokurama,1,
ankyappu,1,
anli,1,
annabelland,,1
annak,1,0
annakendrickland,1,0
annenderlande,,0
annestah,1,
anonymegg,1,1
ansoku,1,
antahbrantahstan,0,0
antara,1,0
antarc,1,
anthropoelpis,1,1
anti-goatsack,1,1
anti-tomatoes,1,
antilu,,1
antons_key,0,0
antontia,0,0
anuadh,0,1
anunnakidraco2,1,0
anuriv,1,0
apellidor,0,
apexlald,0,0
apocalyptox,0,1
aposdzckhxkzcn,1,
apradia,1,
aquariea,1,
aquelistan,1,1
aquitany,,0
arab_socialist_baath_of_qatif,0,1
arabinose,1,
aracelicosenera,0,0
araktopia,1,
aranagra,1,
araragistan,1,0
araschravia,1,0
araunia,0,1
aravita,1,
arazatana,1,
arbados_balarascia,1,0
arbowa,1,1
arcadia_and_elysium,,1
arcanico,,1
archecillania,0,
archeniatia,,0
archonexus,1,0
arconia_imperium,,1
arcriea,0,
arcti-chan,0,1
arcticats,0,
arcturus_novus,0,1
ardangarh,,1
ardelburg,1,0
ardemar,0,1
ardis,1,
aredita,0,
argent_hind,1,
argish,1,
argondy,1,1
arguara,1,
argumeny,,0
ariaf,1,
ariklancere,0,
aritzoska,1,
arkariliatz,0,1
arkengia,1,0
arkkas,1,
arkozia,1,
arkuta,1,
arlanda,0,1
arlandia_and_arzovia,1,
armengolia,0,1
armeriea,1,0
armorian_union,1,0
arnten,,0
arolaun,1,0
arquettadia,,0
arrakian,1,
arscanesia,0,
arsenial,1,0
arsenta,,0
arstotskiano,1,
arsula,0,1
art_landia,,0
artamisiland,1,0
artemesia,1,
artemstadt,1,
artexeiana,,1
arthropyria,0,1
artificialintel,1,
arucaria,1,
arulo,0,
arumba,,0
arutiise,,0
aruvenai,0,1
arvtoska,,1
arwad,1,0
arzakhstan,1,0
asahimachi,0,0
asakalia,0,1
asasland,,1
ascentida,,0
aseanam,0,
aseanindia,0,1
ashennia,0,
ashkaban,1,
ashkenazi_regime,1,
askarger_and_ebarlande,,1
askeletonland,,1
asriellia,0,0
asswiper,0,
astanecia,1,0
asteran,1,
asthara,,0
astillero,1,0
astle_gua,1,1
astora_isle,1,
astra_prime,1,0
astradia,1,0
astrea_celestia,1,
astropole,1,
asukalia,0,0
asulc,1,
asvial,1,1
asweyon,,0
at-m6,1,0
atania,,0
ataraxian_mainframe,1,0
atavi,0,1
atena,0,0
ateria12,,1
athamioway,1,
athrania,,1
atlantanese,0,1
atlantic_ocean_and_its_tributaries,,1
atlanticium,0,1
atlantisa,,0
atlorland,1,0
atomic_garden,0,
atomicbomba,1,1
atremis,1,
atteang,0,0
attempted_socialism,0,0
atymnius,1,0
atzlan,1,1
audesia,0,1
aufalconland,1,
aukeland,1,1
aumest,1,0
aura_banitia,1,
auraesia,0,1
aurainian_republics,1,
aurasreich,1,0
aurelesi,1,
aurenholt,0,
aureum_paradisum,0,
auropae,1,0
auroream,,0
austeral,1,
australia_and_the_outback,,1
australia_post,,0
australian_free_states,0,
australian_state_of_anarchy,,1
austrasul,1,
austria_swiss_germania,,1
austriax,1,
ausweichenzo,1,0
autius,,0
autonomous_anarchist_collectives,1,
autonomous_unified_territories,1,
autoroast_and_the_deciples_of_gustas,0,
av_libertas_vindex,,1
avalonium,0,1
avaneesh,1,0
avengisian_nyx,1,
aventuris,,1
averiano,1,1
avinis,0,1
aweentitante,,0
awesome_lesbianland,1,
awesomeness,1,0
awful_country_to_live_in,1,0
axelian,,1
axelotl,1,
axpenia,1,0
ayuzhhhhh,1,
azandia,,1
azekstan,1,
azerrat,1,0
azflebrigan,1,
azgaaristan,0,1
azov_steel_2022,1,
azure_mines,0,1
azure_normandy,,0
azurefront,1,
azurth,1,0
azzarel,1,0
baal_tricendus,1,
baburbia,,1
baccalieu,0,
baconlandica,1,0
badan_federation,1,
badger,1,0
bagojo,1,0
bai_lung,1,0
bakannabdursordia,1,
bakunawa,,0
balban,1,0
baldorium,1,1
balgala,1,
balgavia,1,0
ball_cra_sec,0,
ballaria,0,0
ballotonia,0,1
ballzia,0,
baltikum,1,
banaria,1,
banatiania,1,
banditry,1,1
bandivia,0,1
bangea,1,0
bangkock,1,0
bankowiata,1,1
bannba,1,0
banstria,1,
barbara_howard,1,
bardonia_islands,1,1
bareu,1,1
barfleur,0,
barredo,1,
bartonia_nova,0,
barvo,1,
basaroa,1,
baseball_rules,,0
basque_dominion,1,0
basshunter,1,0
bassi_xiii,1,0
basston,,0
bassyria,1,0
bastile,0,1
basvelantia,0,1
bathera,,0
batona,,0
battadia,0,1
bavarian_soviet_repulic,1,1
bavo,1,0
bayfront,0,
beadle_mac,,1
bean,,0
bean-firia,,1
beanastan,0,0
beancurd,1,
beandadistan,1,
beansopolis,1,
bearstackof2015,0,1
beddia,,0
beeducalm,0,
bees_inside_my_left_ear,0,
behh,1,1
belarus_20,1,
belkanada,1,
bella_ulle,1,
belladonnia,0,
belladonnim,0,
belmoren,,1
belruse,1,
beltitia,,0
belvarium,1,
bendertopia,1,
benicarlo,0,0
benlloch,1,
benria,1,
berejiklistanian,,0
bereslavka_soviet,,1
beriad,1,0
berica,0,
berlin_and_hanover,,0
berlitria,,1
bernelia,1,
bervia,1,
bessarasia,0,1
best_cussteelliccaamiiamartsul,,1
bet_naharin,1,1
betashock,0,1
betchioviche,0,
better_indonesia,0,0
bexsomb,1,
bextoria,,1
bhang_bhang_duc,1,0
bharat_3,1,
bharat_desham,0,0
bharathvarsh,1,0
biaten,0,1
bibler,1,0
bicdic,0,1
big_juicy_cake,1,0
big_pennieginnieginnie,1,0
big_plus,,1
biggonian_megaist_empire,1,0
bigsmpia,0,
bimmyland,,0
bingism,1,1
bingleborpia,1,
bingobongos,1,
birand,,0
birczia,1,1
bireuen,,0
birtonia,1,1
bisexualitism,1,0
bisofeyri_world_assembly_mission,0,1
bizarrotan,1,
bkakc,0,0
blablavania,0,
black_duncan,0,0
black_ivars,,0
blackblicky,1,0
blackspire_imperium,,1
bladdens,,0
blagovesia,1,1
blahsville,,1
blakalandia,0,
blancovia,1,0
blandowia,0,0
blazefire2,1,0
blobian,0,
blobular,0,1
bloesser,1,
bloni,1,1
blorpshire,0,
bludisia,1,0
blue_king,,1
blueberry_islands,0,0
blunis,0,
bob_harnan,,1
bobraqia,0,1
bodusse,1,
bogi_smerti_i_razrusheniya,1,
bohenia,0,0
bohol,,0
bolesia,1,1
bolian_island,0,1
bombyananderin,1,
bon_evers,1,0
bonelisse,1,0
bookment,1,0
border_colly,1,1
boredistan,1,1
borehole,,0
borkmaster,1,0
borrin_quen,0,
borthe_fren,,1
borunsia,1,1
bossost,1,0
boston_mass,1,
bostoniax,0,0
bostro,0,
boszap,1,0
bouloun,1,
bourgeoiss,1,
bovia_fangum,0,1
bozojeffs,1,1
bracadun,1,0
bracksnit,1,
braddos,,0
brakograd,0,
brando,1,0
braustrina,0,0
brazen_ii,1,
breadlandistan,,1
brendene,,1
brendon,1,0
brenturius,1,
briania,1,0
brightwalden,1,0
brilish,1,0
brisvalon,1,1
britarvia,1,
british_capenhe_nores,1,
british_goreoyo,1,1
british_socialist_nations,,1
brixx,0,
brixxer,1,1
brochachoville,0,0
brond_ter_awazumpertstan,,1
bronzehamut,1,1
brorlad,,1
brublyss,1,0
bruinswik,0,1
brunglash,1,
brunyxia,,1
bubbaxtrump,1,
bulgaria-russia,1,0
bunisia,1,
buntergue,0,
burg_land,0,0
burj_al-arab,1,1
burning_pants,1,0
bursken,1,1
butanes,,0
bystopia,0,
bytaia,0,
bythlan_salmia,1,0
byzantiium,1,
cachard_calia,,1
cadonio,0,1
caesargrad,,0
cahokians,,0
caiolendi,0,
calabo,0,0
caladonne,1,0
caldrien,1,
caleriland,0,
calicov,0,0
california_and_oregon,0,
callovia,1,0
calsenka,0,1
cambany,1,
camerilia,1,
cameronia_excellentia,1,0
caminanaima,1,
caminexiantrinaria,1,
canada_in_the_empire,0,
candanadium,1,1
candensia,1,
candiuk,1,1
canland_islands,1,
cansne,1,0
cantuss,0,0
canvania,1,0
canvee,1,1
capand_dodia,1,
capitalisia,0,0
capitalismo_occidental,0,
capitalist_producers,1,0
capitista,,0
capridam,1,
capybarlend,0,0
carahue,1,
carambi_da_schatstel,1,1
carasca,1,0
carlsbad_improvement_district,1,
carlvonhapsburglund,1,
carolignie,0,1
carpediem,1,
carroll_inc,1,
carthago_jadid,1,
cartorian_empire,1,0
casarian,0,0
cashmoneyistan,1,1
casiona,,1
cassinea,,0
castelia,1,0
castlacha,1,0
castle_in_confidence,1,
castrolaysia,1,1
castroreale,0,
cat_army,1,
cat_is_cool,1,
cat_is_empire,1,0
catacorpo,1,1
catalyst_of_social_discontent,1,0
catcom,1,0
cathayan_peoples,,1
catholics_people,1,1
catineri,,1
catopian,1,
catswing,0,
caxina,,1
ccoss,1,0
ceaskar,,1
cebactoiiojib,,1
cechs,1,1
celdern,1,0
celdonie,1,
celliwig,1,
celtic_england,1,
cemera,1,
cempa,1,1
centas,1,0
central_africa_and_the_congo,1,0
central_amazon,,0
central_european_commission,,0
central_osternia,0,1
central_pacific_lesbos,1,1
centralamerika,,1
centralsk,1,1
cerdenian_states,,0
cerespasia,1,
ceruleasia,,0
cetaros,1,0
cetus_alpha,0,
cha_hel,1,
chachapoyas,,0
chad-romania,1,
chadbroski,1,1
chalistine,0,
chalybea,1,0
chandia,0,1
chaotic_khaos,1,
charavent,,1
chargol,0,1
charlaton,0,1
charolsia,1,0
chatgpt_topia,1,
chatoria,1,1
chavak,0,
chees_empire_2,1,0
cheeseburrito,1,1
cheesecakeastan,1,0
cheeseniria,1,1
chelodia,1,
chemung,0,1
chenshan,0,0
cherkovija,1,0
chernistiv,1,0
chilledsville,0,1
chillicothe,0,0
chillin,,0
china_reclamation_government,0,1
chinesasia,1,0
chinese_republic_of_chad,1,0
chinese_soviet_anti_furry_empire,,0
chineva,0,
chioganah,0,
chip_skylark,1,0
chipoli,1,
chiropteran,1,
choi_hanji,1,
choochootrain,1,
chopinopa,0,
choppyhausen,,0
christian_killeshandra,1,0
christianopoulos,1,0
christopio,1,
chughtaiya,1,0
chukstik_illahi,1,0
chuuist_republic_of_new_jersey,1,0
chysz,1,
ciclope,1,0
cimpl,,0
cind,1,
cinnamoroll_city,1,
ciostar,1,0
cirilo,1,0
cityballs,1,
citycity,0,0
ciurlionis,1,
civilinia_and_herbisine,1,1
civitalux,0,1
clamorande,1,0
clano_rigin,1,
clantonia,1,0
claysville,0,0
clialaad,0,0
clievere,0,1
clingy,,1
cliyf_drines,0,0
clutchpearlia,0,
clytrat,0,
cobra_sahara,,0
cocktail_waitresses,0,
codiak,,1
codyn,,1
coercri,1,0
coffeelovers,0,
cognosco,1,
cogyakeedion,1,
coiou,0,
cola_peninsula,1,0
coliperland,0,
collar,1,0
college_corner,1,0
colloms_golden_circle,0,
colmis,1,
colocia,1,1
colonino,0,0
coltius,1,0
columbiqash,0,1
comberia,1,
comia_noracon,1,0
commie_celadio,1,1
commisariat_malyvenisk_order,0,0
common_states,0,1
commonu,1,0
communal_commonality,1,1
communal_socialist_republics,0,1
communapolis,1,
communardia,1,0
communist-denmark,0,
communist_new_island,1,
communist_qing,,1
communist_volkstrad,1,
communitarian_states,1,1
comrade_itsuka_kotori,,1
comuny,0,1
conconedes,0,0
concordare,1,1
concordiia,0,
confoederatio_aequilibrium,0,
congo-east_africa,1,1
conioste,1,0
cono_sud,1,1
consolani,1,1
consolari,,1
constitutional_republic_of_freedonia,1,
content_coup,1,1
convaria,1,0
cookies_and_cream_pizza,1,
coopera_social,1,0
copledia,1,
cord_isla,0,
cordaposi,0,0
corfad,1,0
cormensa,1,1
cornelia,1,0
corporate-paradise,1,
corsuva,1,
cortes_de_pallas,0,
cortlandt_manor,1,
corynth,,0
cose_kublidly,,0
cosence,1,
costaim-spanch,1,
councerland,0,1
coune,1,0
courage_caverns,0,1
courtlantis,1,
covant,1,1
covenentia,1,0
cow_hunters,1,
coyn,1,
crabunism,1,
crackerland,,0
craff,1,
cramberria,0,
crazari,,0
crazy_firemen,1,
creajoin,1,
creationis,1,1
creator_land,1,1
creberg,1,0
creetaurt,1,0
cref_frua,1,
crestvale_republic,,1
cretian_territories,1,
cretox_state,1,
crevistonion,1,
criboutit,,0
crnagorska,1,0
croblade,1,0
cromulent_peoples,1,0
crooked_truth,1,
croshov_union,1,
crossia,1,
crossvegas,1,0
crowtania,,0
crozland,1,0
cruciland,1,0
crucis_dominum,1,
crusadal,1,
crusava,1,
crustoria,1,
cry_nerow,1,
crysalia,0,
csaland,1,0
cuatela,1,0
cuillin,0,1
cultured_educated_workers,0,1
cunamas,1,0
curlyhoward,0,1
current_british_colony,1,
cutias,1,0
cy83r,0,0
cyberia_prime,1,
cyberpunk_nation,1,0
cyklosuk,1,
cymbrian,0,1
cypheri,1,0
cypresia,0,
cyrilliania,,1
cyvin,1,
cywolf,1,0
czarskovia,1,0
czecho-slovako-carpathia,,1
czechosaxony,,0
czechostan,1,1
da-cunha,1,
da_chunghwa,1,
dacarbatia,1,0
dacaro,0,1
daganwaash,,0
dagcistan,,0
daggria,0,1
dakak,1,
damaskia,1,0
dancing_ninja_island,1,0
daneka,1,0
danganronpia,,0
danilama,1,
danjou,1,0
dannemarie,1,1
darakin,0,
darastrixethe,0,
daravon,1,
daredbannana,0,
darenraman_nasan,0,1
dark-type_eeveelution,1,0
dark_alps,0,0
dark_chaos_insurgency,1,0
dark_dawn_empire,0,
dark_fialand,1,
dark_soul,,1
darkarion,1,
darklighters,0,1
darkmania,1,0
darkwoke,1,1
daugapilis,0,0
daulmark,1,0
dawn_fleet,,0
de_sao_paulo,1,0
de_socialistische_nederlanden,1,
deagandia,,1
deamaria,1,0
deathmurdertopialand,1,0
debarashtra,1,
deblar,1,
deepsea,0,0
deinderra,1,
deism,0,1
dekart,1,0
delitai,1,0
delltra,0,
delta_forks,0,
delta_vega_iv,0,
deludtopia,0,1
demena,,1
demeter,0,1
demeurera,0,0
demilon,0,1
democates,1,
democracylandistan,0,1
democratic_peoples_republic_of_mizrahia,0,
democratic_prichiaordia,0,
democratic_republic_of_isgard,0,1
democratic_solberac_arthars,1,
democratic_states_of_zokshia,1,0
democratic_wer,1,0
demon_girl,0,0
demonale,,0
demou_catanz,1,1
dems_burgund,1,1
den_isle,0,
denadamelada,0,1
deneen,,1
densaner,1,0
deorangg,1,0
department_of_wa_affairs,1,
der_mormia,1,0
der_weimar_republik,1,0
derelldia,1,
derenus,1,1
des_sawuzavilockaver_islands,0,
dest_oritio,0,0
destanzan_islands,1,
destials,1,
determination_users,1,0
detroit_pro_max_ai,1,0
detroitsmash,1,0
detrona,1,1
deut5chland,,0
deutsche_sozialistische_republiken,,1
deutscheschina,0,
deutschklasse,1,
dewqur,1,
dewtona,1,
dexian,1,0
dhiera_mazaro,0,1
di_mentago,0,1
diamond_heaven,1,
diatian_isles,1,1
dibbleria,1,
dicko,0,0
dictastic,1,
didt,1,1
die_eusanische_nation,,1
dienendra,,1
dietnham,1,1
differences-in-differences,0,1
digital_drovakia,0,1
dignic_freuraternia,0,0
dingusville2,1,0
dinosors,1,
diocean_school,,1
diogo_alves,,1
diollo,0,0
dioswania,,0
dir_union,0,
dirmia,1,0
disburgensia,1,1
discgolfland,1,0
discripta,0,
disneylandia,1,1
disregardwork,1,
dixie_florida,1,0
djeeta,,1
dkk,0,
dlakisland,1,
do_brasil_da_america,0,
doakland,0,
doge_flower,1,0
doge_republics,1,0
dogteeth,1,
dojestan,0,
domas,0,0
dombaness,1,1
domesticis,1,0
dometius,1,0
domhan_runda,,0
domiatia,0,1
dominion_of_dinguses,1,
dominon_of_newfoundland_and_labrador,,0
domusfirma,1,0
donkervader,,0
donorino,1,
doomslayers,1,
doorstuvia,0,
dootinbow,1,0
dormill_and_stiura,1,0
dorpatia2,1,0
dosiano,,0
dossec_hills,,1
doultrenia,0,1
doumeira,1,1
dovineistan,,0
downwithschool,0,
dr_maus,0,
drachen,1,0
draconic_aiur,0,0
draganisia,1,
dragon_isles,,0
dragonian_kazaman,1,0
dragonpore,1,
draico,1,1
drakenden,1,
drakias,,0
drakorynthos,,0
dramancass,1,
drapeta,0,1
draski,0,1
drathic,0,
draween,1,0
drawkland,1,
dreadton,,0
dream_fortress,0,
dreamers_for_hope,1,0
dregonia,,0
dregs_of_the_earth,1,0
drengr,,0
drentor,1,1
drodor,,0
drucilla,,1
druvenia,1,1
druznia,0,1
dryf_nation,1,
dryhtenland,1,0
dublave,0,
duga,0,0
dugalena,1,1
duista,0,0
dulroth,0,1
dumbases,1,
dun_frest,0,1
duncaq,1,1
duncion,1,0
duracell,1,
durham-raleigh,1,1
durmengrad_prime,1,0
durnil_islands,0,
dushina,0,
dustinesia,1,0
dustwind,1,0
dutch_states_and_territories,0,1
dutchformosa,0,1
dwight_david_eisenhower,1,0
dyl,1,
dyschezia,1,0
dystopiao,,0
dytarma,1,0
dytase,1,0
dzhongkha,0,1
ea_world_assembly_mission,1,
eaetafershe,1,1
ear_exploder_9000,1,
earana,0,1
east-asian_nations,1,0
east_amen_zamend,1,0
east_avalon,1,0
east_catlandia,1,1
east_coggins,1,0
east_emory,1,
east_grestin_military_district,,1
east_jamaica,1,1
east_kazekia,1,0
east_mediterranean,1,1
east_methanland,0,1
east_owenistan,1,1
east_sternwich,0,1
east_thule,1,
east_vesperia,1,1
east_vesta,,1
east_wabbinge,1,
eastamgriumirkialand,1,0
eastern_ahadgandenstan,,0
eastern_bik_sourgicedka,0,1
eastern_doncaster,1,0
eastern_golden_shores,1,0
eastern_grasslands,,1
eastern_kodiak,0,
eastern_osowiecs,1,1
eastern_panem,1,
eastern_zalmania,,0
easterndeutschland,1,
eastfield_lodge,,1
eastoria,1,1
ebonhand,0,1
ecchi_unlimited,1,
ecclestia,0,1
echo_cove,1,
ecinv,0,1
eclipse_imperium,0,
ecnesia,1,
eco-paris_reformation,1,
ecologist_hegemony,1,
economic_soviet_republic,0,
economy_stimulators,0,1
ectovoid,,0
edelham,0,
edenhold,0,0
edgerladraysteanoust,0,0
edgestall,0,
edmosla,1,
edulis_abuaba,,0
edupetkhah,0,
eevees,1,
eeveetopia,1,1
eeveetopila,1,0
efhrim,0,1
egairo,0,1
eggplant_republic,1,
eggtowne,1,0
egowia,1,0
eieryn,0,0
eight_hippopotamuses,0,0
eiravale,1,0
eisbington,,0
eisenbansk,,0
eisentach,0,
eivalia,0,
ekopia,0,0
ekpatanus,1,
ekrea,1,1
ekreli,1,0
ekygon,0,0
el_bababooey,1,0
el_eras,1,
el_grenitadia,0,
el_hierro,1,0
elbas_bonnia_islands,0,1
elbor,1,
elbresia,,0
eldritchia,1,1
eldwyn,1,0
electrathedoberman,1,0
elestansa,0,1
eletania,1,
eleuterea,0,
eleuthelrium,1,
elidian,1,
elisabethshagen,1,1
elistiria,0,0
elklan,1,0
elkremxia,0,
ellix,1,
elltania,1,0
elnir,1,0
elon_m,1,
eloscape,1,
elucubria,0,1
elwher,1,0
elyaria,1,0
elysium_montes,1,
emeseses,,1
emmovakia,0,
emodea,1,
empire_of_dabiristan,1,
empire_of_ftia,1,1
empire_of_impiria,1,0
empire_of_kyrania,1,
emrenya,0,1
enclave_world_government,1,
endless_summer_2,1,0
engalin,0,1
engelhardenia,0,1
england_1,1,1
england_scotland_wales_and_north_ireland,1,0
england_york,1,0
englandic_state,1,
engojaria,1,
enlil,1,1
enou,1,
ensbridge,1,1
enteral_whimsy,,0
entisia,,1
eodi_and_its_autonomous_regions,1,1
eoksia,1,
epistemology,,0
epsilon_alpha,1,0
equatorial_tobia,,0
equestria_socialist,1,
equestriania,,1
equiano_bay,0,1
equlainne,0,1
eragon_island,1,0
erateia,,0
eraver,1,
eredownia,1,
eridium,0,1
erioas,1,
eritria,1,0
erlovia,0,
erosodom,1,1
erstavik,0,1
erstvaal,1,
ervald,1,
eryaurt,1,1
erytol,0,
erzone,,0
escapitania,0,
eserenya,1,0
esilondre,0,1
estados_socialistas_independentes,1,0
estados_socialistas_unidos_de_iberia,1,1
estalora,1,0
estellan,1,
esteneng,1,1
estolunya,1,0
etalia_sacar,0,
etarria,1,0
eterculauia,0,
eternal_abyss,1,0
eternal_ascendancy,1,1
eternal_flames,,0
eternia_empire,1,0
ethane,,0
etherion,1,1
ethnomioushara,1,
ethnon,1,0
etlajhia,1,0
etoile_arcture,,1
euclidya,,0
eudaimonea,,1
euraziea,,0
euricanis,1,0
europan_union,1,
europe_or_eur,0,1
european_demokratische_republik,,1
european_kekistani_enclave,1,
europeasia,0,1
euroski,1,0
euskadil,0,1
euterpee,0,0
every_one,1,
evil_iraq,,0
evil_scary_country,,1
evioustais,,0
evuropea,1,0
ewing_oil_co,1,0
excipendia,0,0
exilias,,0
expos,1,0
exteda,0,
eylis,1,0
ezaekia,,1
fachumonn,0,1
factoristan,1,0
fadnesia,0,1
faeciba,1,1
fairigone,1,0
faledano,1,0
falernesia,,1
fales_dieska,,1
fallgriffin,1,
falloa,1,0
fallowat,1,0
famockadia_jel,1,0
fanauifo,1,0
fansheia,1,
far_distant_land,1,0
far_edemyer_aion,1,
far_gand_par,0,0
far_isles,1,
faralried,1,0
farbelia,0,
fardel,,0
farello,0,1
farinalia,,1
farlaklia,0,
farmcraft,1,1
fartington,1,1
farville,1,0
fasan_venus,1,0
fasharia,0,
fashoda,1,1
fat_angel,0,1
fated,1,
favenland,0,
feausi,1,
federal_of_velmoria,1,1
federal_republic_of_whangarei,1,0
federation_of_eradia,0,
federation_of_knights,1,0
federation_of_sheera,1,1
federation_of_the_astral_plane,,1
federation_of_the_resentine_kingdom,0,1
federation_states_of_america,0,1
federative_empire,1,0
felix_islands,0,
felornis,1,0
femboy_fishermen,1,
femboy_republics,0,1
femvania,0,1
feninor,1,
fererland,1,0
feristaat_sudetenland,1,0
ferrianona,1,1
ferrra,1,0
ferrumetlapis,0,
festungslander,1,1
feux,1,0
fialand,0,
figari,0,0
filbustan,0,
filipino_north_carolina,0,0
filipino_union,1,0
final_international,0,1
fincy,,0
finn_the_blahaj,0,
fiparatus,1,0
fireactu,0,
fishelle,1,0
fjordai,,1
fjordora_and_szbulba,,0
flaxland,1,
flayalipte,,0
flee_and_never_return,,0
flippland,1,
floofith,0,
flop_ivory_island,1,1
flor-fina,1,0
floralbranca,1,0
floria-byrnia,,1
florindale,1,0
flower_isle,1,
floweville,1,0
fluminesedes,1,0
fluvia,,1
flydale_north,1,0
foderales_konigreich_schlesien,0,
foderatico,,0
fograggle,,0
folcvania,,0
foldaka,1,0
fololavakia,,1
foraldn,,0
forfishing,1,1
forgawik,1,
forgoriton,1,
forgotten_beauty,0,
forio,1,1
foritehland,1,0
forkbender,1,0
formenore,1,1
fornholm,1,
forsakened_acheron,1,0
fortitudo_et_unitas,,0
fortovia,1,0
forwerpen,0,
fosean,1,0
foskeburg,0,1
foverosia,1,
foxy,1,
fractalnavel,1,0
francanada,0,1
frankiemania,1,1
fransmany,0,1
fraspern,1,
frayst0n,0,0
freakbobland,1,
fredericksborg,1,0
free_augsburg,1,0
free_ganalia,0,1
free_german_republic,1,1
free_gole_theovield,1,
free_latiya,1,
free_people_of_gunungkidul,1,
free_proletariat,1,
free_socialist_republik_of_novastovia,0,1
free_stalliongrad,1,0
free_state_of_lokix,1,
free_terra,,1
free_transhumanists,1,1
free_turtle,1,0
free_uris,0,1
free_yer_dradgaki,,1
freeberia,1,
freedom_is_bad,1,
freedomally,1,
freedomstaki,1,0
freelandieaian,1,
freelity,,1
freetopia12,1,
freetopiaville,1,0
freewheel,1,
freidonia_empire,0,
french_kanaidia,0,0
frep_caymut,1,0
fret_zenith_of_alaska,,0
fria_arland,1,
friaritat,1,0
frier_pie-rats,1,0
frismana,1,1
friul,1,0
frodozrout,,0
frontiera,1,1
froshar,1,
frosthafen,,0
frostilandia,,0
frosty_orbit,1,0
frothensia,0,0
fruit_kingdom,1,0
frutiger-aero,0,
fuchsheim,1,1
fuggersburg,0,
fujianyorinki,0,
fukos_star_y,,0
fund_of_the_king,1,0
funnle_kake,1,
furilisca,1,1
furness,1,
fusiol,0,1
futthe,1,
futuo,,0
futurist_state_of_agladnare,0,1
gaalar,1,
gadsenopolis,1,
gadyushnika,,1
gaessex,1,
gagasan_melayu,,1
gagium,1,0
galaad,,1
galactic_furry_empire,,1
galactic_imperial_republic,,0
galactic_super-earth,1,
galadia,0,1
galenila,1,
galgenbeck,1,
galindo_prime,1,0
gallantia,1,0
gallectiand,0,
gallus,0,1
galopascia,,0
galorical,0,0
gamble_topia,,1
gameran_autocracy,1,0
gandavarga,0,0
gandieland,1,
gandoor,1,1
garamantia,1,0
garlanator,1,
garuka,0,
garvija,1,0
gaspacia,,1
gastravon,1,1
gates_was_right,1,0
gathadia,1,0
gawaland,0,
gayfurries,1,
geardra,1,0
gearian,1,0
geastia,0,1
geezy_for_life,,1
gelassenheit,1,1
gemlantis,1,0
gender_rolls,0,1
gendirt,1,0
general_tn,1,0
geneseean,1,
genesis_fifteen,0,1
gentry_grove,1,1
georthia,1,0
gerbasi,1,
german_reich_of_liberty,1,
german_screaming_ghosts,1,
germanic_cat,1,
germanicreich,1,
germanicrusso,1,
germaniej,,1
germansium,1,
germany_fasces,1,0
gerniam,1,
gerowellia,1,
gesternsturz,1,0
getlibim,1,
gewisse,,0
ghanndi,,1
ghojingles,1,1
ghost,1,0
ghost_of_the_order,0,
ghurana_nent,1,1
gi-sra,1,1
giant_redwoods,1,0
gibbervoln,1,0
gibsoniana,0,
gideon,1,0
gig_em_aggies,0,0
gine_caruttiva,,1
ginnara,1,1
ginsuzustan,1,
giri_kedhaton,0,1
girthalium,1,1
gitchie_manito,0,1
giumdi,1,0
give_me_cash,1,0
glaciertop,1,0
glademont,1,
glaslen,0,
glassland,1,
glazania,1,
glecia,1,
glisenmark,1,
glom,1,
gloninian,0,
glorious_existence,1,0
glorious_land_vegemite,1,
glorista,,0
gmt2001,0,0
goame,1,
goanya,1,0
goatseania,0,
goatvillia,0,1
gob_gob,,1
goberno_do_lago,,1
gobhainn,0,
godmodia,1,0
gogicastan,0,1
gojira,1,0
golinistan,1,1
gonthavnor,0,
goofsvillia,1,0
goontham,1,
gorbachev_kissers,1,
gorena,0,
gorillica,1,0
gothlandia,0,
gothtopia,1,0
government_approved,1,
grace_wellesley_thayer,1,
gran_azuria,1,0
gran_brasil,1,
gran_patria_de_las_antillas,1,1
gran_valor,1,
grand-turinia,,1
grand_avaritia,0,1
grand_duchy_of_harrence,0,
grand_duchy_of_rile,1,0
grand_ionia,,0
grand_piersk,0,
grand_republic_of_dave,,1
grand_technate_of_the_new_world,1,0
grand_wisteria,1,1
grande_guanabara,0,0
grande_imperio_leonino,1,0
grandia_1,1,
grandocantorica,0,
grandrock,1,0
granevia,,1
granolia,,1
granttonia,1,1
grassy_hearts,0,
graygor,0,1
graysoap,1,
great_antakia,,0
great_askye,1,
great_barvaria,,0
great_britain-and_northern_ireland,1,1
great_britain_and_ireland_ns,1,1
great_clucky,1,1
great_eurasia,1,
great_insurgia,,1
great_jameston,0,0
great_karken,1,
great_koryeo,1,
great_livargeo,,0
great_luxem,0,0
great_majorca,,0
great_minwas,0,0
great_orange_pochita,,0
great_ren,1,
great_republic_of_australian,0,
great_schwarzburg,,0
great_usonia,0,
great_will_millennium,1,0
greater_agnolia,0,1
greater_atlantis,0,0
greater_bay,1,0
greater_benland,0,
greater_britannian_realm,1,1
greater_charles,1,0
greater_charlza,1,
greater_cuba,,1
greater_deutsche,1,0
greater_drenthe,1,
greater_earth_ecovillage_network,,0
greater_etherial,1,
greater_european_union,1,
greater_finnish_fascist_state,1,0
greater_gerpliternstan,1,
greater_gibraltar,1,0
greater_granskiye,0,
greater_grobdeutchland,1,0
greater_hispanolia,1,
greater_new_russia,1,1
greater_perkele,1,
greater_portugaliza,1,0
greater_potato,1,
greater_rostoria,1,
greater_strife,1,1
greater_thambarka,1,1
greater_theowherveld,1,
greater_tyrosh,1,0
greater_unalia,1,
greatnessity_city,1,
grechmania,1,0
green_castle,1,
greenvi,1,0
grehjo,1,0
grentoria,1,1
grenzhia-ghrostvina,,0
grenzinia,1,
gresillia,1,
grest_jjangllia,0,1
grete_maria,1,
greythorne,1,0
greywater_coast,,1
grinkiscoll,1,
grod_dratia,,0
groostalei,1,
grosss_germanien,0,0
grovelandia,0,
gryphonne,1,0
gtabeg,1,0
guanabaraea,0,0
guanxigun,1,1
gud,1,0
gufand,1,1
gufeniel,1,
gurridge,1,
guyana_francese,1,0
guymondium,1,
gwenova,0,
gyattland_of_ohio,1,
gyhn,0,1
gymaraes,1,
h-zhena,1,
habilis,1,
hai_dao,,1
haira,,0
haldeni,0,0
halexia,0,
halgard,,1
halland-county,0,
halo_nova,1,0
halsoni,1,0
haltyas,1,
hamburg_neo,1,1
hamdawggin,0,0
han_guk,0,1
hanalia,0,1
hanavoria,,0
hanguk-nippon,0,
hanli,1,1
hannoven,1,
hanoch,0,
hansania,1,
hanstopia,1,
hapatmitas,,0
harana,1,
harash,1,
hariegimsiongondordia,1,
harjad,1,1
harleying,1,
harmon_llc,1,
harperians,1,1
harpiatopia,,0
harvadia,0,0
hashidi,1,0
hashishin,1,0
haskellania,1,0
hastren,,0
havenwelle,0,0
havl,0,1
haxxland,1,0
haykeren,0,1
haymarket_riot,1,0
haz_island,1,
hearteland,0,
heathershire,1,0
heavens_reach,1,0
heiligiesland,1,
heitoria,0,
hekp_2,1,
heletica,1,1
heliotris,1,0
hellawi,1,1
hellenic_socialist_union,0,1
hellslayer,1,0
helrapt,1,
hen_ogledd,1,0
hendersonia,1,1
henkinsia,,1
henrik_p,1,
her_excellency,1,
her_malue,1,1
herconia,0,
hereditas,1,
herfenzir,1,0
hergasst,1,0
heristal_raposhystru,1,1
heritagela,1,0
herna_fage,0,
heroica,1,0
heromerland,1,
hertfordshire_and_jammbo,1,0
herya,0,0
hesker,1,1
hespelo,1,
hesskin_empire,0,
hi_nothing_to_see_here,1,1
hibernia_kaas,1,0
higgstonia,1,0
highlantis,1,0
hihihihihiiiii,1,
hilagang_bituin,0,
hille_islands,,0
hilonde,1,1
hiloooooo,0,0
himanshub200,1,0
himurajima,1,0
hinflendia,1,0
hinomia,1,0
hisenna,1,0
histarctica,1,0
hitentherps,1,
hodynu,1,0
hoffania,1,
hohenzollers,1,
holfenceatatone,1,1
hollibourn,0,0
holly_united,1,
holmkerk,1,
holy_byzantine,0,0
holy_cascadian_imperium,,0
holy_catheria,1,0
holy_empire_of_crisalis,1,0
holy_empire_of_greater_bavaria,1,
holy_gematria,1,
holy_kale_warriors,1,1
holy_prussin_states,1,1
holy_yolantian_empire,,1
holzhagen,1,1
hominidia,0,
homskili,1,0
honchu,1,1
honeymoon_avenue,1,
hong_kong_kowloon_and_new_territories,0,0
hong_wan,1,1
hongyuan,1,0
honshoi,0,0
hookie,,1
hopia_owl,1,0
hoqeallistan,,1
horikyouko,,1
hornica,1,0
hornmoguelesland,0,1
hortgar,0,1
hosen_yafefa,1,
hostale,1,
hot_girl_baddies,0,
house_rillarri,,1
houst,1,
hua-mulan,1,0
hualjin,1,
hufficanarty,1,1
huguman_republic,1,
hukaam,1,0
humanlonia,1,0
humminbird,1,
humsawy,1,
hundermenschen,1,0
hundregland,1,
hungarion,1,
hunterdon,1,0
husseberg,,0
hustlertwo,1,
huzzahs,,0
hydenshire,0,
hydragons,0,
hydroponic_nation,,1
hyetnam,1,1
hylia,1,0
hynda,0,
hypany,1,1
hyperea,0,0
hyperion_prime,1,0
hyperpolis,1,
hypnothia,1,0
hyporrills,1,0
hypranio,1,
i-love-money,,0
i_always_come_bak,1,
i_couldnt_come_up_with_a_name,0,0
i_den_nue,1,0
iadras,1,0
iasonia,0,
ibarabayashi,0,1
ibernet,1,
icarema,0,0
ichiran,,1
ichirokuhachi,1,0
ictus,,1
idinist_imauggland,1,1
idontcare,1,0
idunn,0,
ienovo,1,
iesala,0,0
igris_tar_ilis,,1
ihatetheusa,0,
ikatha,1,
ikatzia,1,
ile_lite,0,
illeron,0,1
illessia,1,1
illestan,1,0
ilocandia-cagayan,1,0
ilovestrawberrycake,1,
ilskra,1,
imglishyr,,0
impallia,1,
imperia_cirdan,0,1
imperial_alfanian_states,0,
imperial_felchah,,0
imperial_landis,1,
imperial_production,1,
imperial_regnum,0,1
imperial_saber,,1
imperialrussia,1,0
imperialstonelandia,,0
imperio_de_castilho,0,1
imperio_estrendor,1,
imperium_anglorum,,0
imperium_corporativum_romanum,1,0
imperium_malaya,1,
imperium_nobilum,1,1
imperium_romae_marii,1,1
imperium_sempiternum,1,
imperium_singapura,1,
impertan,1,1
imun_libre,1,
inazuma_sogunate,1,0
independant_islands_of_walanjuva,,1
independent_state_of_novgorod,,1
indesputatio,1,0
indiajwwjwj,1,0
indiguria,1,
indo_states,1,1
industric,0,
inera,,1
ineritia,0,1
ineva,0,0
inevitable_poverty,1,1
infitum,0,1
ingentus_progressia,1,
ingrosia,1,0
inkare,,1
inkoposlisquare,1,
inkraiya,0,1
inner_mations_aststan,0,
inner_pani_grez,1,1
inner_ryxtylopia,1,0
inner_ted_imazahvatia,0,0
innovaris,1,
insaig,1,0
intaglio,1,1
intainia,0,
integralism,1,
intelectia,1,
intercontinental_order,,0
interdimensional_zone,0,
interes,,0
intermittent_explosive_disorder,1,
intervection_cube,1,
iona-ropa,1,
ionistan,1,
ionysia,1,
ipeonia,0,
irawe,1,0
iremia,1,1
irfael,,1
ironblood,0,1
ironica_butterfly,1,
irula,0,
is_there_nothing,0,
isda,1,1
isenoka,0,
ishbalan_union,1,0
isla_luminara,0,
islanalcatatuffles,1,
island_of_catland,1,1
island_of_relevancy,1,1
island_zero,1,1
islande_wight,1,
islands_cottonish,1,0
islands_of_the_northern_ocean,1,0
islands_of_ventro,,0
islang_she,1,
islangelanordia,1,
isle_of_ducks,0,
isle_of_quelteff,,0
isle_royale,0,
islen_domatero,1,1
islendia,1,
islonia,1,
ismstein,1,0
isolaferra,1,0
isolar,1,1
isosceles_triangle,1,
israel_emirates,0,0
istj-a,1,1
iston,1,0
isualia,1,
itani,0,1
itanland,1,0
iteral,,1
ithania,0,
itinchlumdan,1,
itsebed,1,1
itsumo,1,0
iujhj,,1
iuus_dha_gliastan,1,
ivenitta,1,1
jacj,1,1
jackinstan,,1
jackpot_jackpot_jackpot_jackpot,1,0
jacobopolus,1,0
jadi-gas,1,
jaean,1,
jaegerpondonia,1,0
jakkob,,1
jam_lortoviusido,,1
james_forsyte_ii,1,
james_melee,,1
jamesburgh,0,1
jamesstan,1,
jamhuristan,0,
jamie_lique,1,
jammlandia,1,
jamnagar,0,1
jan123boy,,0
janakin,1,0
janoi_donacen,,0
jantar,,0
japan2662,1,0
japanese_women,1,
jappz_sodaland,1,
jarbis,1,
jatlantica,1,
javan_tribes,1,0
javasiege,0,
jaxonedia,1,1
jazzia,0,1
jc_jenson,1,0
jean_jacket_russell_high_school,1,0
jeltronian_wa_mission,1,
jeon_jorkad,1,0
jeremian_heights,,1
jermaicia,1,
jessepoops,1,0
jesuir,,1
jetan,1,
jewitchr001,1,
jiangbei,1,0
jibbity-jobbity,1,
jiblatania,0,
jillopian,,0
jisang,1,1
jithago,1,
jittersamhay,1,0
jive_erin,1,
jjustice,1,
jliang,1,0
joaquinis_crescenti,1,0
joda,0,1
jodia_pr,1,
joedina,1,
john_countrys_country,,0
john_lee,1,
johnstowne_island,,1
joint_free_states,,1
jolesar,,1
jondania,,1
jonilastad,0,
jorovia,0,1
josefland,0,0
joseviano,1,
joukwou,1,0
jounneho,1,
jozia,1,1
jre_nation,1,
juiulia,,1
juli,1,
jusanctopiaville,,1
justmea,,0
jzonim,0,
kabran,1,1
kad_jake,,0
kaeomi,1,0
kafrad,,0
kahlmardhani,1,0
kaidan,1,0
kaiserburgia,1,1
kaiyrzgsyzstan,0,1
kalartalin,1,
kalendaa,0,1
kaliuvat,1,0
kalixia,1,0
kalmach,,0
kalmra,1,
kalmykhia,0,0
kamazotz,0,1
kanaha,1,0
kanashia,0,0
kannae,1,0
kanokla,,0
kanoshu,0,1
kanycta,0,1
kaputer,1,0
karaczia,1,1
karai_nadu,1,0
karait,1,
karalhistan,0,1
karazan,1,
kardiran,1,
karelianastan,0,1
karelo-finnish_sr,,1
karison,1,0
karlera,,1
karma_pirate,1,1
karmosora,1,
karnica,1,
karnith,1,1
karnovgrad,1,0
karsdas,1,0
karsovkya,1,0
kartauistan,,0
karthik,,1
karvadar,1,0
karzstov,1,
kasavere,,1
kasdados,,0
kasekyl,1,0
kassa_and_harsigena,1,0
kassaka,,1
kastoviask,0,
kaszubskie,,1
katarina_miltiadou,1,1
katiza,0,
kaufmagne,0,
kawastyselir,0,
kazackhistan,1,
kazanqa,1,0
kebecois,1,
kediya,,1
keep_humble,1,0
kehudia,1,0
keith_emerson,0,
kekistani_order_of_incels,1,
kelban_island,1,0
kelesi,,1
kellros,0,0
kelvaros_prime,1,0
kennington,0,
kent_valley,0,0
kentes,,1
kenworth_heights,0,
keobia,,0
kephallogne,,0
kesho,,1
kethania,0,1
kevin3,1,
kharkov,1,0
khmaunia,1,
khorasan_razavi,,0
khurun-marrakh,,1
kianland,1,0
kietros,1,
kiisula,1,
kilichloom,0,1
killiani,0,1
kilpatricka,0,1
kilpe,1,0
kilrymont,,0
kimoia,1,0
kimonoko,1,
kinanland,1,0
kinbloc,0,1
kindjal,0,1
kineaux,1,0
king_noah,1,
king_of_urbino,1,0
king_rankmore,1,
king_zhaoxiang_of_qin,0,0
kingdom_of_algaris,0,
kingdom_of_cambria,1,
kingdom_of_eldovia,0,
kingdom_of_jhon,0,1
kingdom_of_kasiopea,1,0
kingdom_of_marienland,1,0
kingdom_of_rija,,0
kingdom_of_romar,1,
kingdom_of_shay,,1
kingdom_of_the_focke-wulf_islands,1,0
kings_of_kings,1,
kingsbrew,1,
kinsantinsuyu,1,1
kionga,1,
kirby-land,1,0
kirginst,,1
kirkas,0,
kirkeness,,1
kirrlark,0,
kiscikanis_askiy,1,
kisovec,1,0
kisume_the_bucket_youkai,0,1
kit_sun,,0
kitty_terrorists,1,
kixdom,1,
kjelllandia,1,
kkorea,1,
klanda,,1
klopptopolis,0,
kluchassia,1,1
knightfallia,1,1
knights_of_lusitania,1,0
knootoss,0,
kobalera,0,0
koda-land,1,0
koendesh,1,1
kogi,,0
kolatis,1,1
koleno,0,
kolher,1,0
kolistri,0,0
komunno,0,0
komyounists,0,1
konark,1,0
kond_mex_ethostorgel,1,0
kondausia,1,
konigsreich_von_prussen,1,0
konstantino,,1
konzhov,1,0
kopenick,,0
kopits,1,1
koragrad,1,0
koralsk,1,
koranvistan,1,
korbalis,1,0
korbaros-tarkaris,1,0
korbu_tribes,1,0
kordat,1,0
kordia,0,1
koroniathan,1,
korotis,1,1
koroto,,0
korumos,1,0
korvenska,1,0
kosova,1,1
kossenburk,1,
kotiko_socialist_communist_republic,0,0
koyun,1,
kraj,1,1
kralenos,1,0
kranez,1,1
kransahr,,0
krapinovka,1,1
krasnaya_kommissariat_soyuz,1,
krastum,1,0
krauanagaz,1,0
kraunian,1,1
krean,0,
krematoria,1,0
kreshlia,,1
krestasrijh,1,0
kreutzland,1,
kreuzung,1,0
kriegsreich_of_iron,1,0
krilmor,1,0
krinenia,1,0
krisztaliszia,1,
krolum,1,
kronessa,1,1
kronzrhein,0,1
krovnara,1,0
krusha,1,1
krute_empire,1,0
kruzk,0,1
krykalin,1,0
krzyzewskiville,0,1
kthedummy,1,0
kugguf,1,0
kukinalia,0,1
kukskladia,1,1
kulaand,1,
kunigsrrock,0,1
kunskil,1,1
kupolaber,1,
kurechia,0,
kurohana_teikoku,1,0
kuroluce,0,
kurranulla,1,0
kurst,1,
kurukita,0,
kuvo,,1
kwaj,0,1
kwampangazitha,,1
kwiztshen,1,1
kyaksbel,1,1
kyievan_dynasty,1,1
kylarnatia,1,
kyldania,1,1
kyogre_67,,0
kyrakan,1,0
kyrek,1,
kyrgyzstanistan,1,1
kyriarsk,0,1
kyrindor_puppet,1,0
kyubia,0,1
l_v_m_h,,0
la_baja_california,1,
la_catalina,1,0
la_france_sociale,1,
la_rez,1,
la_xinga,1,0
lac_yue,0,
ladinacem_andia,1,
lael_piotr,0,0
laka_squuia,,1
lakayev,,1
lakenbird,1,0
lakesideia,1,
lamandica,1,1
lamoni,1,1
lancashia,1,1
land_without_shrimp,1,0
landbang_rkipo_islands,1,1
landebaggsten,1,0
landerterimes,1,1
landover_baptist_church,1,
langren,,1
lanias,1,1
lantheia,1,0
laransa,,1
larbiec,0,1
larsovania,,0
las_filipina,0,
lascandra,,1
lastovipol,1,0
latimandia,0,1
latin_iberia,1,
latino_americo,1,
latrous,1,0
latvian_state,1,1
laura_fun_land_iii,1,
lauramerica,0,0
laurendon,1,
laurentrum,1,1
lavinsworth_united_islands,0,
lawattsia,0,
layem-desmond,0,0
laytyonia,1,0
le_haluf,1,0
le_kartoffel,1,0
le_libertia,1,
lea_monde,,0
leadom,,1
leasi,0,1
leastestevia,0,
leauge_of_nations,1,
lebronraymonejamesdagoat,1,
lectaf,1,
lefecko-majestian_states,1,0
legalese,0,
legionary_poland,1,1
legonica,0,1
lehqhbraot,0,0
leigh_cardingan,1,
leiningerland,0,
leintuarth,,0
lekzan,,1
lemon_soviet_socialist_republics,0,
lemon_squid,1,
lenkurg,0,
lennonia,,1
leolander,1,
leonardo12,1,1
leonia_cruix,,0
leonna,1,
leonosia,,0
leouschburgh,0,1
lerkidina,0,
lesbia,0,0
lesboville,0,
leschenfiur,1,
letona,1,
lettucetan,,0
leukantis,1,
leuzinger,1,0
leviathan_court,1,
lfe,1,0
lhat,1,
lia_federn,0,
libate,,1
liberated_peoples_of_the_republic,1,
liberated_polinesia,1,1
liberepublia,1,1
libersan,1,
libersophia,1,
libertarian_washington,1,0
libertas_minor,1,1
libertmore,1,
libertopia_land_23,1,
liberty_and_unity,0,1
liberty_martyred_wa,1,0
libervalley,1,
liberviri,,1
liberza,0,0
liboth,1,1
libratus,1,
libriana,,0
lightford,1,0
lightning4004,1,0
ligmabaels,1,
ligmarin,1,
liko,1,0
liliumtopia,0,
limboese,0,1
lindebeau,0,
lionsroar,,0
lipaland,0,1
lipnitia2,1,0
lirastania,,0
lireira,1,0
litchenstienen,0,0
little_hell,1,0
litwava,,0
liverpopiriblevinia,,0
lixonia,1,1
lizardlandia,1,
loadilandia,1,0
loblolly,1,1
lobstone,1,0
logical_stimulus,1,0
loidistan,0,0
loklatia,1,
lokura,1,1
lomatob,1,
lonaris,1,0
long_duk_dong_squadron,,0
longweather,0,1
loomari,1,1
lopsided_goat,1,
lordhowe_island,1,
los_enquirers,1,
los_phoenix,1,0
los_santos,1,0
lost_bananamen,1,0
lotanio,1,0
lotarmy,,1
lotavia,1,
lotion_empire,1,0
lotionlicker23,1,
lots_of_money,1,
loungdako,,1
loutsland,1,0
louvrandia,1,
lovateria,0,1
love_and_nature,0,
loveable_dogs,0,
lovilonnum,,0
lower_unfentaria,0,
lsk,1,
luaja,1,0
luaskenia,,1
lucasson,0,1
luckae,1,
lucrum,,0
lucy_the_hell,1,
lugmeltistan,0,
lumentera,0,
luminality,1,0
luminerra,1,0
luminous_incorporated,1,
lumiose_land,1,
lumista,1,
lunaa,1,0
lunae_et_stellae,1,0
lunaeri,1,
lunistilan,0,
lunvaria,0,1
lurusitania,1,0
lusanthria,1,0
lushiania,1,
luso-hispania,1,0
lustiveria,1,0
lutristan,1,
lutrumpcis,0,
luviofna_union,,0
luxdiei,1,1
luxemarino,1,1
luxemton,1,1
luziferisch_reich,1,
lyariona,1,0
lyberzia,1,
lybise,,0
lycand,1,0
lycori,,1
lyions,0,
lyndonesia,1,
lysandus,1,
lysheim,0,
lysset,0,1
lysvika,1,1
lytaran,0,1
m_hammi,0,
maariko,1,
macau-hongkong,0,
macieso,,0
macworld,0,
madja_as,1,
madjack,0,1
maeiland,0,
mafae,1,0
magadia,1,
magerastan,1,0
maghrebb,1,
magica_dezkha,1,
magiheim,1,
magjars,1,0
magna-parva,,1
magna_emerald,,1
magna_mediterranea,0,1
magna_parva,0,
magnaformia,1,0
magnitka,0,1
magnus_imperium_atlanticum,1,0
magrusa,1,0
mahknovistchina,0,1
mainlend,1,0
making_catgirls_real,1,
makka_pakka,,0
makka_pakkaland,0,
malalonius,1,1
malatoga,1,1
malaya_communism,0,1
malenkia,1,0
malicordia,1,
malitistan,1,
malkara,1,0
malnora,1,
malotihuacan,1,
maltandhops,0,1
mambanistan,0,
mania_sims,0,1
manila-central,0,
manitouqua,,0
mankitownland,,0
manseria,1,1
manuelian_empire,1,0
manyger,1,
manymens,,1
maple_islands,0,1
mapperdonia,0,1
mar_teret,1,0
mara_sabi,1,0
maracay_2030,1,1
maratha_rajya,1,0
maravell,0,1
marazali,1,
marbona,0,1
mardatan,1,
margala,,1
marggadon,1,1
margoria,1,
mari_vale,1,
mariarty,1,
marina_baixa,1,1
marinian_states,0,
maritzal,1,0
markanista,1,
marksista,0,
marlducro,1,0
marocimia,1,
marvel_jesus,1,1
marxist-leninist_russian_federation,1,1
marxist_land_of_peoples,1,
maryania,,1
mashrek,1,0
mashriqi_babylon,1,
massingberg,,1
masteau,,0
masterium,1,1
masters86,1,0
materos,1,0
matidonia,0,
matika,0,1
matinatios,,1
mattville,0,1
maurras,1,1
mavenu,0,
mavilay,1,
mavros,,0
maximillion,1,0
maxuus,0,1
mayroba_and_the_constantines,0,0
maznistan,0,1
mcancapistan,1,
mcbettledom,0,
mceneryia,,0
mcenousa,,0
mckeon,1,
mcnasty,1,
meadowfields,1,
meadrin,0,0
mechanocracy,1,0
mecren,0,0
mecuria,1,1
mediama,1,
mediobogdum,1,0
mediternia,,0
medvefold,1,1
mehmetliler,1,
meino,,0
mejor_estado,,0
melanie_long,1,0
meline,1,0
memememe-,1,
memestw,1,0
mendevia,0,1
menira,,0
mentar,0,1
menydh,1,
meowania,1,
merane,0,1
merantang_kota,1,
mercanta,1,
mercaria,1,
mercuwury,,1
meridialand,0,0
merijnteren_empire,0,1
merlance,1,
merpiana,0,1
merriddia,,0
merv_gryphon,1,
meso_harenae,,0
mesogios,0,
mesothallania,,1
mesozoic,0,1
messeion,0,
mestaths_ghoin,1,1
metakni,1,0
metalocalyptica,,0
methbridge,1,0
metineng,,0
metro_manila,0,1
metropolitinville,1,0
mexican_liberation,1,
mhmea,1,0
mi-din,1,
michaliav,1,
midadille_chagin,0,
midnight_horrors,0,
migako,1,0
migrans,1,
mikeswill,1,
mikolicesland,,0
milia_unireesentwinaordia,1,1
miliciotronia,1,1
milimuppet,1,
milkzorzistan,1,0
miloy,,0
milvaria,1,1
minafederal,0,1
minami-tani,1,1
minde,,1
minelegotia_and_equestria,1,0
mingde,1,0
minhchuria,0,1
minilands,,0
minjiang,1,0
miokandia,1,
miquelon_isles,1,
miraglio,1,
mirahge,1,1
mishikeland,1,0
missyou,,0
mistersap_and_krajola,1,0
mistken,1,0
mitzvah,,1
mjau,1,0
mjnallen5555,1,
mockia,1,0
modernity_survivors,0,
modon,1,1
moduland,1,
moirax,0,1
mojaguay,,1
molco-deutsches_reich,,0
moldogetica,1,
mollust,1,0
molly_is_pretty,1,
molotossia,1,1
molson_iceland,1,0
money_nation_money,1,
moneyandgold,1,0
monezambique,0,
mongolz,0,1
monsone,0,
montagway,1,
montopholous,1,1
montyra_vale,1,
moon_deing,1,0
moon_ocean,,1
moonbay,1,1
moonlandio,0,
mooseland12,1,0
moravia_in_central_america,1,1
morellian,0,1
morenian_republic,1,
morgantown_west_virginia,1,1
morikono,,0
morlikin,1,
mornala,0,0
mornangren,1,0
morrawia,,0
mortionia,0,1
morvedre,,1
moryazvia,1,0
morzova,1,0
moscovien,1,0
mosfelania,1,0
moskva_and_stalingrad,1,0
mostomonia,,1
moubarakistan,,0
moukden_and_kirin,1,0
mount_cashmore,1,0
mourningrad,,1
movovia,0,1
moyerland,1,
mseskir,1,0
muad-dib,,0
mucc,1,
mueslibar,1,
mujistan,0,1
mulaonia,1,1
mulouccello,,1
multiple_bounty,1,0
multum_reprimere,1,
mundus_novia,1,1
mungler_3,1,0
munzo_side_3,,0
muqaddar,1,
murderos,1,
mus_hat,1,
musonia,0,
mutan,1,
muyangaland,1,0
my_holiness,1,1
mybeeria,,0
myehn,1,
myhomecountry,,1
mylhodia,,1
mypixel,0,1
mystris,1,0
mythoania,1,1
n0bia,,1
nacarfor,1,0
nacupopej,0,1
naf_naf,1,0
nafoland,0,1
nagakawa,1,1
naguaren,1,
nairland,1,0
najovio,0,1
naluland,,1
naman_marov,1,
namante,0,0
name_0_wa_account,0,0
nami_bays,0,
namkada,1,
namonia,1,
nanastan,1,1
napiari,1,
naragia,0,
naralovian,0,
narax,,1
nardin,,1
nargis,1,0
narla,0,0
narodovya,1,0
naronya,0,
narvatus,1,1
nas_crustium,1,0
nascadia,1,0
nastrova,1,0
naterraleh_priais,0,
nathvia,1,0
nation_kingpuma,1,
nation_of_hel,1,
nation_of_phillipines,,1
nation_of_yap,1,
national_coraland_of_fishery,1,
national_republic_of_vietnam,0,1
national_syndicalist_poland-lithuania,1,0
nationbest,0,
nationeer,1,
nations_of_canzuk,1,
natit_vakkazi,1,0
natkr,,0
natopid,1,
natsuki_state,1,0
natural_sciences,,1
naughty_slave_girls,1,
nauvira,1,
naveastan,1,
naverike,1,0
navocain,0,
nayara,0,0
ne77misrael,1,
nea_europa,,0
nea_kalithea,0,
nebarro,0,1
necoland_reborn,,1
necromonia,0,
nectapromisia,,0
nederlandse_staat,0,0
nelenkorp,1,0
nemete_land,1,0
neo-cyberborea,1,1
neo-hermitius,,1
neo-zulthyrland,1,1
neo_american_states,1,0
neo_imperial_america,1,0
neo_makhnovia,1,
neo_mikolania,0,
neo_namea,0,
neo_soviets,0,
neopunk-brazil,1,
neoxoleria,1,
neporestine,1,
nepri,0,1
neptunian,1,
neptunian_military_administration,,0
nergtul,1,1
neryst,,1
netc_archipelago,0,
neue_albania,,1
neugania,1,0
neus_grosdeutschland,1,1
neus_hawa_slavia,1,
nevadaia,1,
neverourland,1,0
new-ferytland,0,
new-javarra,0,1
new_aequalitas,1,0
new_allegia,1,1
new_almadi,,1
new_alterna,1,1
new_anglosaxonia,1,
new_apperon,,0
new_aquitaine,1,0
new_arborland,1,1
new_arbuckle,1,0
new_arstotzka_order,1,
new_babilonions,1,1
new_bacalao_and_the_aurora_islands,0,1
new_blanc,1,
new_bon,0,1
new_bosnia,0,1
new_bradfordsburg,1,0
new_bubastis,1,0
new_bulacan,0,
new_bulgar,0,
new_butchart,1,1
new_camoter,1,1
new_cascadian_union,0,
new_cerastan,0,1
new_charles,1,
new_crywyzyxycynya,1,0
new_eastern_canada,1,0
new_eastern_roma,1,
new_england_inc,1,0
new_european_federation,1,1
new_flailia,1,1
new_frasterea,1,1
new_frencia,1,1
new_gadsdenland,1,
new_garbanzia,1,0
new_gehenna,1,0
new_gilboa,1,
new_halo,0,1
new_holy_rome,0,0
new_ice1and,1,0
new_ironlandi,1,0
new_kalve,1,0
new_kerania,1,
new_khemet,1,
new_kisha,1,0
new_kyrat,1,
new_lablerith,1,
new_lakemba,,1
new_land_of_cats,0,1
new_libertalia_kingdom,,1
new_liella,1,0
new_listenbourg,1,1
new_luxia_pluvinka,0,1
new_madison,1,
new_maxta,0,
new_mexican_republics,1,0
new_mizpah,1,0
new_nanyang,1,0
new_nator,1,0
new_nvegas,1,0
new_old_fordlandia_2,1,0
new_opolopia,1,0
new_order_of_equus,1,0
new_pigeonia,0,1
new_prussianstan,1,
new_rainbow_falls,1,0
new_resilience,,1
new_roos,0,
new_rustonia,1,1
new_ryansville,1,
new_saint_peters,,1
new_salty,0,0
new_samba,1,
new_samon,0,
new_san_fir,,0
new_scotstan,1,0
new_scottika,1,0
new_scratchiland,0,1
new_sel_panamby,,0
new_seniteria,0,
new_sollex,1,1
new_te_awa,,1
new_tropican_union,0,
new_union_empire,0,0
new_upper,0,1
new_ussr_2,1,0
new_vatican_of_illuminati,,1
new_vedlar,1,
new_vipa,1,1
new_vladislavia,0,1
new_vonderland,0,1
new_vorarlberg,0,
new_vulcan,1,0
new_wrangler,,1
new_yankmoth,0,1
new_zacharianasville,1,
new_zendo,1,0
new_zibolroakia,0,0
newdays,1,
newer_ostland,1,0
newer_socialist_super_state_blf,1,0
newest_foundedland,1,
newest_macedonia,1,0
newfoundland_and_gaspesie,1,0
newgalacticempire,,1
newgratia,1,0
newmalayan,,0
neworderofgermany,1,1
newtonio,0,1
nezgzarp,0,0
nhaya,,1
nhoor,1,0
niaram,1,1
nic_ratand,0,
nicitius,1,
niel,1,0
nightralia,,0
nikosias,1,1
nininskia,1,
ninjago_lightland,1,0
nirvanic,1,1
nishikaigan,,0
nistriabar,1,0
nitropol,0,
nivloria,,1
no_freedom_and_war_land,,0
no_freedoom,1,0
no_hope,1,0
nocciola,1,
noders,1,
noeth_selecals,1,1
noevgorod,1,
nomaur,1,1
non-believers,0,0
non_plus_ultra,1,0
non_sequitur,0,1
non_western_friesland,1,
nonessel,1,0
nonfredom,0,1
noobbia,1,1
noobia_and_solare,0,1
noodle_cats,1,
nor_chical,0,
norcoast,1,0
nordcat,1,
nordegard,1,
nordencamo,1,1
nordgardia,,0
nordharz,1,
nordic_aurora,,1
nordiheim,1,1
nordinus,1,0
nordiv,1,0
nordmarck,1,0
nordrea,1,
nordrune,,0
nordurstjarna,0,1
norg_brostikia,1,
nori_dratourat,0,1
norland_angre,1,
nortallius,0,
norte_de_america,,0
north-west_commland,1,0
north_borealia,,1
north_bratislava,0,
north_charight_island,,0
north_dauseland,1,0
north_east_southern_yakubia,0,
north_fluedan,,1
north_gloucesterstan,,1
north_hideland,0,1
north_historia,0,
north_hypopin,,0
north_kosia,1,
north_norda_islands,1,0
north_puddlemouth-on-sea,1,
north_sion,0,1
north_taiga,1,
north_varitsha,,0
north_verulas,,1
north_wellington,1,
northeast_urg,,0
northeastern_appalachia,1,
northern_caliburugeve,1,1
northern_canadian_people,1,0
northern_excelria,,0
northern_german_federation,1,0
northern_isla_of_cocoa,1,
northern_kalenski,,1
northern_norkelia,0,
northern_ost_samenia,,0
northern_slatavia,1,0
northern_woods,1,0
northern_york,,1
northern_zorbrasnka,1,0
northernloin,0,0
northportugal,0,1
northwest_korea,,1
northwest_north_america,0,1
northwest_queensland,1,1
northwestern_alpinia,0,1
norvarxilaland,1,0
norveeba,0,1
norvensk,,1
norvessa,1,
norvokorr,1,
norwegian_democratic_republic,1,
nosam_republic,0,
nostovya,1,
notcommunist2,1,
noterdei,1,0
nothern_fores,1,0
noton_mast,1,0
notormea,0,1
notre_dame_du_lac,1,0
notsunnerland,,1
nouveau_strasbourg,1,
nouvel_acadie,1,0
nova-arcadia,0,1
nova-rolanda,1,0
nova_absittera,1,0
nova_angelus,0,0
nova_angleterre,,1
nova_aohr,,0
nova_auroras,1,
nova_cabralia,1,
nova_danzig,1,0
nova_enlasia,,0
nova_finis_terrae,1,0
nova_foundation,1,
nova_grecia,1,0
nova_imperial,1,0
nova_loca,1,1
nova_mesthuania,1,
nova_moldavia,1,
nova_renascentia,1,0
nova_scoville,1,0
novacore_dynamics,0,
novaignis,,1
novanuki,1,
novaportugalidade,0,0
novarian_federation,,1
novauria,0,1
novaya_koshach-ya,1,
novele_anjou,1,0
novespes,0,
novgoristan,0,1
novia_pan_wes,0,
novist,0,1
novo_acadia,1,
novo_prosperitas,0,0
novostovia,1,
novrystan,0,
novum_mediolanum,,0
novus_canadis,0,0
novus_imperium_romanum_borealis,1,
nowa_europa,0,1
noxion,1,1
nozania,,1
nuara,0,1
nublas,1,
nudim,,0
nudityfast,,0
nueva_alta_california,1,0
nukerida,1,0
nulkia,1,0
numadsh,1,
numerie,1,
numistar,1,
nurdia,1,1
nuremburgia,,0
nuremgard,0,1
nurult,0,
nuseanesia,0,1
nuting,1,
nutrial,1,
nutrixus,0,
nuttywood,,0
nuvona,1,1
nuweland,,1
nyaaway,0,
nyagia,0,
nygardal,1,
nymany,1,0
nyrian,1,
nytherra_republic,1,
nyxaraian,0,
o_yeong-su,1,0
oberlania,1,1
obets,1,0
oblitus_terras,1,0
obsidaria,1,
obvile_kiatopia,1,0
oce4nia,1,
oceanic_ai_of_arctic_ocean,1,0
oceanlandmw8,1,
oceasia,1,1
ocenyra,1,
ocha_ria,0,1
ode_duddis,,1
odezya,1,1
oesterlund,1,1
of_barkarosa,,0
of_courscant,,1
of_emptiness,1,0
of_men,,0
of_the_golden_harp,1,0
of_the_greater_british_empire,1,
of_the_republic_27,0,
of_the_supremacist_union,1,1
ofdessa,1,
oflia,1,0
ogaku,1,0
oganing,1,1
oghuz-yabgu_republic,0,
ohioianss,1,
okhema_the_eternal_holy_land,,1
oktotheio,1,1
olamh,,1
olarista,0,1
old-brunswick,1,1
old_atlantica,0,1
old_austria,1,0
old_corus,0,
old_emporia,1,0
old_leggith,1,1
olyglea,1,1
olympian_rome,1,
olyndor,1,0
omaha_utopia,1,
omakise,0,
omniaterra,1,
omnistria,1,0
omnitech,0,0
omynix,,0
onder_kelkia,,0
ondromedea,1,0
onebrotherhood,1,
onomanatopoeia,1,1
onraka,0,
openland,1,0
ophaesia,1,
oppsydoya,0,
orasil,1,1
ordent_ratland,1,0
ording_drublene,1,
ordogomenistan,1,
orey_listov,0,
orgation_ii,1,0
orientiae,1,0
orioni_2,0,1
orionyx,1,0
orksian,1,0
orlanstate,0,1
oromaya,1,1
orpheia,1,1
orros,0,
ortandemhausergebautwerden,1,1
orthodox_christian_empire,0,
oseao,1,0
oslana,1,0
oslo_republic,0,
osnauria,1,1
ossomone,1,1
ostanisa,1,0
ostermark_prussia,0,
ostio,1,
ostlantis,1,
ostren,1,0
ostro-visigoth,1,0
ostrovskiy,1,0
ostschleife,1,
oswaldtheluckyrabbit,1,
otaxinland,1,
otayo,1,0
othonom,1,
otome_and_bl_games,,0
otsur,0,
ottoman_empireee,1,0
ouesopa,1,
oupland,0,
our_india,1,
ouranberg,0,
outer_anainceriznjicy,1,
outer_scotiotland,0,
overlord90098,,1
overthinkers,1,0
ownzone,1,
oxyformal,0,1
oyggj_skye,0,1
ozren_gora,1,0
oztil,1,0
pabtlau,,0
pachecos,0,
pacificean,,1
padan,,1
paganii,1,
pakitsk,1,
pakozia,1,
palastrade,,0
palatan,1,1
palaubania,0,
palish,1,
palmalintin,1,
palmana,,0
palractus,0,1
pan-hispaniola,0,
pan_polar_confederacy,,0
pand_alp,1,0
pansnews,0,0
panthalasa_empirivm,1,
pantheropia,1,
pantso,1,
pantumaca,0,1
panzerist_space,1,
panzovia,1,0
papiv_nappon,,1
paradise_and_zion,1,0
paradystopia,1,1
paremont,,0
parnumaa,1,0
paronia,1,
parozia,1,1
parpyduckland,1,
parrots_den,1,0
parzillum,0,1
paskaa,1,0
pasveria,1,0
patagonion,1,1
patapole,0,
patria_augusta,1,
patricia_and_the_marcus_islands,,1
patrickclarke,1,
patterthippe,0,1
pavlistania-suden,0,
pawlands,1,1
pax_victoria,0,
pax_zealandia,0,1
pays_cathare,1,1
pazamor,1,0
peaceplaice,0,1
peanu-butteria,1,
peatioland,0,1
pecradzug,1,0
peheewland,1,0
peinda_speindea,0,
pekichow,1,
pekweng,,0
pel,0,0
pelagon,1,0
pellston,1,0
pen_blanityion,1,0
pencil_sharpeners_2,1,
penguin_imperium,1,0
penguins_states_of_antartica,1,1
pengutan,,1
penning,1,
peopir,0,0
people_freedom_nation,,0
peoples_council_republics,1,
peoples_dismarscthen,1,1
peoples_republic_of_solovie,,1
peoples_republico,1,0
peoplestasine,1,1
pepsi_the_third,0,0
per_vilonia,1,0
perdura,1,0
perlassia,0,
persicus_empire,1,0
perthian,1,
peruverial,1,1
perzekian,1,
pestillance,1,
petraland,1,
petromond,0,
petronellania,1,0
pettlland,,1
phansomr,0,
phantomism,,0
phigosa,1,
phii,1,0
philipinesdw,1,0
philosopy,1,0
phlontopia,1,0
phoenicia-,1,0
phoidoss,,0
phoneada,,0
phoronu,1,0
picairn,1,0
pichu23,1,0
pichvi,1,1
picolli_alves,0,
piedra_negra,1,
pierallang,1,0
pigeon_nation,1,
pilipinas_and_malaya,,1
piliscsev_republic,0,
pillaro,1,0
pinchin,,0
pipi_pampers,1,0
pirarujapontokio,1,
pirates_2,,1
pirates_and_buccaneers,1,1
pitbull,1,
pitcairn_empire,1,1
pittsica,1,0
pittslandic_territory_of_berninigorod,0,
pizzaifica,0,1
planetmercury,1,0
plangainer,1,
plata_basin,,1
plateana,1,0
platinum_skills,1,0
playmobilandia_del_este,1,1
plexaris,1,
plpfu-l-7,1,1
plus_nova_imperii,1,
pluvie,1,1
podria,1,0
pogaria,0,
poiseidonia,1,0
poisonangel,1,
pokemanland,0,
poland_and_lithuania_ii,,0
polgaria,1,0
poliania,1,1
policka,1,0
polish-kremlin,,0
polish_polar_expedition,0,0
polish_west_slavia,1,0
polleend,1,0
pomerena,1,
ponipau,,0
pont-a-mousson,1,0
ponta_tropical,0,1
pontisia,,0
pontolia,1,
poolanxi,1,0
pooters,,0
poram_companies,0,1
porigrad,1,
porotia,,0
porta_caeli,1,
porta_maritim_de_indias_osidental,1,1
portburg,1,1
portolino,,1
portugal_brazil_and_algarve,1,0
portugal_empire_state,1,0
portuvgalia,0,0
posceau,,1
posthumanism,1,
potass,1,
potato-pizza,1,
potatofarmers,1,0
potatopelago,1,
potatoville,1,
powerful_idiots,1,
prackin_kelew,1,0
praenestia,1,
pranassa,1,
prasertinia,0,0
pravostan,0,1
pre_corgionia,0,0
premedite,,0
preomithia,1,
preshavilen,1,
president_hassan_rouhani,1,
prestonland,1,0
pretiosa,0,1
pretty_boy,0,0
pries_united,,0
primexia,1,1
principado_blake,1,1
prodives,1,0
proletarian_technate_of_heimdall,1,1
proletariatit,0,1
prosopon,1,
prosquine,1,1
protectistan,0,1
protzka,1,
proud_balkan,0,
prov,0,
providentius,1,1
prussia_republican_kingdom,1,0
prussian_socialist_regime,0,0
pruszia,0,
prydaein,0,
prydania,1,
pryskiva,1,0
psionic_hive,1,1
psychopantachy,1,0
pubuh-zog,1,
puglanda,,1
pulitein,1,0
pulopulo,0,
pulsar_girl,,0
pultorland,1,0
pumpkin_valley,1,0
puppy_ceners,1,
puraykinia,0,0
puriaia,,1
purrium,0,1
pusid_ughter,,0
puttt,1,
pwichimgo,1,1
pyatingrad,,0
pygania,1,0
pygoscelisia,,1
pyla,1,
pythagorases,,0
qhevak,1,
qing_zhaodao,0,0
qlandis,1,
qrin,,0
qroma,,0
quadax,0,0
quafhirve,1,0
quagmier,1,
quail_creek,0,
qual_gual,,1
quanddong,0,
quasi-stellar_star_civilizations,1,0
quaxolian_states,1,1
quazafire,1,
quebec-libre,1,
quebec_second,1,
queen_jane_grey,1,0
queephe_debal,1,0
quegantordia,1,0
quesbia,0,0
quezo,0,0
quia_ther,1,0
quirkaland,,0
quirrelsit,1,
quiveron,1,0
quortiaa,0,
qusban,,1
qwertian,,1
qwitzikaka,1,
qyra,1,1
r_h_o_m_a_n_i_a,,0
raccquesi,,0
rad_asia,0,0
radium_city,1,
raffyland,1,1
raghallaigh,0,1
ragnaria,1,
rainlander,0,1
rajpore,1,
ralphburg,0,0
ramajana,1,
ramelia,0,1
randala,1,1
randomaniaa,0,
randomly_generated_technology,1,0
randperland,0,
ranium,,1
rapolaan,1,
raptorcraft,0,
raskana,1,1
rasutafia,1,0
rat_things,1,
ratateague,0,1
rawatna,1,
rayakavkaz,1,
rayekka,0,0
re_dispatch_office,1,
realm_of_rho,1,
rebel-topia,1,0
rebel_new,1,0
reberydinigzadaland,,0
reborn_america,1,1
rebulica_das_bananas,1,
rechol,0,0
rectonia,,1
red_mones,,1
red_prosperity,1,
redakadia,0,
redbaronia,1,0
redwingvksm,1,0
redwood_bureau,1,0
reformed_russian_states,0,
refugeeria,0,1
regelac_krus,0,1
reggina,1,
regna_loreau,,0
regno_del_gabibbo,0,
regnum_italiae,0,1
regnum_portugalliae_ii,1,
regnum_sanctae_crucis,1,
regnumgermanicum,1,1
reichsbrazil,,0
rein_delossinarryomi,1,0
reino_de_portvgal,0,
reino_scarlatta,,1
relevantia,1,
rellenia,0,1
remenents_of_the_enclave,1,0
remil,1,
rendom,0,1
renegade_duchies,0,
renemaran,,0
renkentagn,1,0
republic_of_botiya,1,0
republic_of_global_trade,1,0
republic_of_green_mexico,0,1
republic_of_ireland1,1,
republic_of_livonia,1,1
republic_of_priouthia,1,1
republic_of_republic_of_dominia,1,0
republic_of_rusiya,1,0
republic_of_tridemist_czechia,1,0
republic_polos,1,0
republica_chingona,1,
republica_de_ironvald,,0
republica_federal_de_catalunya,1,1
republica_k0,1,0
republik_hintonia,0,0
republiostan,,0
requand,0,1
resaza,1,1
reshadiya,0,
resististan,,1
resolia_kander,,0
respidon,0,1
respyanodor,1,0
resurged_atlantis,1,1
rev_aria,1,0
revachol-,1,0
revadia,0,
revanilia,,0
revenge_of_jaywalking_death_penalty,1,0
revolutionary_anarchy,0,0
rexxas,1,0
reyalda,1,
reynhold,1,1
rezvanada,0,
rhaza,1,0
rhazoria,1,1
rheaser,1,1
rhenna,1,1
rhinosport,1,1
rhoadesia,1,1
rhoanna,0,
rhodevus,1,0
rhomania_eternia,1,0
rhomasia,1,0
rhudiland,0,
rhyssuan_peoples,0,
riandera,0,0
ribilz,0,1
ricel,0,
rich_people_hate,,0
richmond_union,1,
rico_of_port,,1
ricy_blavalstopia,,0
rigogley,1,
rio_de_arkansas,0,0
riotania,1,
rising_of_the_forgotten,0,
rising_sun_empire,1,0
rive_ouest_de_la_mer_rouge,,0
rivergarden,1,
rivertrot,0,
rivoni,0,
riwi,,1
riyadh_al-baraka,1,0
riziand,0,0
rizzman_empire,1,0
rj805sere,0,
rkd,1,1
roberto_garcia,0,1
robo_topia,1,
rocilia,0,1
rockmill,0,
roctubiazan,0,
roemah,0,1
rokatov,0,1
roman_american,1,
romaniki_aftokratoria,,0
rombat,1,1
rome_ruzalls,0,
romerokistan,1,
romullus,1,0
ronaldan,0,1
rongorongo,1,0
rook_fjord,0,0
rook_nation,1,
roolandia,0,0
rose_and_thorns,,1
rosenbergi,1,
rosenesse,1,1
rosenlan,0,1
rosethrone,1,0
rosettan_overwatch,0,0
roshal,1,1
rosial,1,1
rosie_bee,1,0
roskwitia,1,1
roslisea,1,
rossianica,1,0
rossortsy,1,
rotvania,1,0
rovilaia,0,
rovska,0,
royal_britania,,0
royal_kingdom_of_australia,1,
roylaii,1,1
roznepal,1,
rtsin,1,1
ruairia,1,1
ruaun,1,1
rubaca,,1
ructar,,1
ruganthosia,1,0
ruhmheim,1,
ruidoso,1,1
rumargan,,0
rumine,1,1
rusozak,1,0
russian_kraj,1,1
russian_united_federation,1,0
russila,1,
russkiye,,0
rust,1,1
rusticus_damianus,0,0
ruszian,1,0
ruthenia_nova,1,0
ruztips,1,0
rykil,1,
rymrgand,1,0
s2p1729,1,0
saarre,0,0
sabesistan,1,
saccurania,0,1
sackballs,1,0
sackostan,1,
sacredia,,1
saddamlandia,,1
sadnedespair,1,0
saegon,,0
saegorn,1,1
safiloa,0,1
safj,0,
sagway,1,
sahrawiya,1,1
sailnors,1,
saint-normand,1,
saint_asiocia,0,
saint_asperes,1,0
saint_barks-webados,1,0
saint_bleu,,1
saint_david_of_wales,0,
saint_glinda,1,
saint_saul_and_shirley,1,0
saint_shepard,0,1
saint_stesa,,0
saizoravia,1,
sakien_islands,,1
sakinko,,1
sakobell,1,1
sakuralis,1,
sakuranoha,,1
salagavanya,,1
salairat,1,0
salaniouca,1,0
salartovsk,,0
salcanceacy,1,
salessll,1,0
salkintong,,0
salleland,1,1
salterra,1,0
salvagard-huston,1,
salzau,1,
samadland,1,
samanaa,0,
samariki,0,1
samgreat,1,0
samicana,0,
sammae,1,1
sammena,1,
samosil,,1
samsarastan,1,0
samslvania,,0
samund_facobs,1,
san_fransico_ape_colony,1,
san_giuda,1,0
san_lumen,1,0
san_pellegrino_romana,1,0
san_satanos,0,0
san_toreno,1,
sanana,0,1
sanasalia,1,1
sanberracroft,1,1
sanctified_hellas,1,
sanctissimus_salvator_et_theotokos,1,1
sanctum_teriaris,1,0
sanctum_terra,1,0
sandriin,1,
sangrinaria,0,0
sanguistan,0,0
sankt-adalbertian_states,1,0
sanmorgranaria,1,1
santa_clausewitz,,1
santa_marana,,0
santa_saber,0,1
santi_nadu,1,0
sao-paulo,0,1
saperetia,1,
saphman,1,0
sapnupuas,0,1
sapphica_sororitas,1,
saraigni,1,
sararia,0,0
sardinavia,1,0
sarorodvinsk,0,
saschen-rhineland,0,1
sashilee,1,
sasilen,1,
satreburg_2,1,0
saturns_edge,1,
satyadesa,1,
sauros,1,1
savazara,1,0
saventra,1,1
savxeuir,,0
saxon-anglaland,,0
saxxony,0,
scandaland,0,0
scarlettjohansson,1,0
scartap,1,1
schaumburg-pyrmont,0,
schillikia,1,1
schilra,1,
schitz,0,0
schwazerland,0,0
scienza,1,
scillion,1,1
scimitarra,1,0
sciuridae,1,
sconymalm,1,
scorpialand,1,0
scorpion_empire,,0
scorpionica,0,1
scorpions_army,1,0
scotriana,1,1
scotsgale,1,
scottrick,,1
scp_foundation_isles_islands_and_atolls,1,1
scrapparia,,0
screwballia,1,
scrimshaw,1,0
scrumpleville,0,1
scuglandia,0,1
scvortzovia,,1
sealand_but_better,0,
seattle_bay,1,1
seclusionalists,1,
second_peenadian,0,1
secretanomaly,1,
sederum,1,0
sedgistan,1,0
seeker_alpha,0,0
sefat,1,1
segatamoa,0,1
selfgradatude,1,
sellaeta,1,
seltsames_auge,1,0
semper-luxuria,1,1
sen-handlia,1,0
senadao_confedracy,0,1
senaralia,0,
senshu,0,
sensoria,1,0
senter,0,1
separatist_alliance,1,
separtia,1,0
septentrea,0,0
septentrica,1,1
seranis,,0
seraphiniaw,,1
serbska-novica,1,0
serenitium,,0
serovgrad,1,0
serpenii,1,
serpleddyland,,1
serrus,1,0
serturasi,0,1
serum_ete_onlonia,1,1
servitronia,0,1
sessina,0,
setnei,1,1
seuls,1,
sevarra,1,
severaton-union,1,
sfenya,0,1
sgaana,0,0
sha_la_la_land,1,
shababistan,1,0
shabingery,0,
shachms,1,0
shadownia,0,1
shady_gun_dealers,1,0
shahoop_bliclia,0,
shakhterskiy,0,
shaktirajya,1,
shambhalion,1,1
shamian,0,
shanaka,,1
shandorians,1,
shardventoria,1,
sharkii,1,
shattered_cascadia,1,0
sheepstate,0,1
shenendoah,1,
sheppy_the_king,1,
sherizia,,0
shiamyi,1,0
shibaton,0,1
shibutani,1,0
shieldholm,,0
shielness,1,
shimmvania,1,
shiverian_republics,0,
shrikisthan,,1
shuckletopia,1,
shuddera,1,
shui_mo,0,
shujistan,1,
shurax,,0
siarki,,0
siberia_and_central_asia,0,
sidhelyrika,,1
sidweland,1,
sierra_cascadia,0,1
sigma_pug_land,1,
sigmar_empire,1,
sigumastan,1,0
sikirsk,1,0
sil_dorsett,1,0
silage,0,
silas_the_ice_hero,1,0
sillara,,1
silver-tree,1,
silverbend,1,
silverpaw69,1,0
silverstein,,0
silves,1,
sin_city_topia,1,
sincorp,1,0
sinderwood,0,
sindoesia,1,
singamadri,1,0
singaporen_empire,1,0
sinra,1,
siovale,1,0
sir_cumberbun_of_gloucester,,1
sirius_zenith,1,0
siruivaria,0,1
sisdonia,1,
siwale,,0
sjena,1,1
skaladoria,0,
skalba,0,
skebdeland,1,
skedia,1,0
skelleftella,,0
skhiervan,1,
skibbidi_toilet_ohio,1,0
skibidi_toilet_land_for_ohio,0,0
skibmidi,0,1
skijuunechiland,1,
skjeldmark,0,1
skjoldenmark,1,0
skonfederowane_makroregiony,0,1
skookiea,1,
skotteria,1,0
skunk77,,0
skwar,0,
sky_parado,1,
skyberius,1,
skycove,1,0
skyemere,1,
skynidos,0,1
skytasia,0,0
slaca,1,0
sladiane,,0
slaine_theocracy,1,1
slavagora,0,
slavic_democratic_nations,0,0
slavonia_and_srijem,0,1
sleepia,1,
slembana,1,1
slices_right,1,
slimefolk,1,0
slisshms,1,1
sloap,1,
slobodovia,1,0
slothville,1,0
slovanov,0,1
sloventa,1,
sludgelandia,1,0
smadreades,1,
smantan,1,1
smert_terram,,1
smiley_bob,0,
smithstopia,0,1
smoky_oak,1,0
smurfey,1,
snalland,0,0
snappleland,1,
sneeed,1,0
sngerlarsimaffik,1,
snorlaxia,1,0
so_called_hater,,0
social_democrats,0,1
socialist_balkan_states,0,1
socialist_civil_war_2_survivors,1,
socialist_hercegovina,1,0
socialist_republic_of_australia,1,1
socialist_republic_of_monkey,1,1
socialist_republic_of_russians,,0
socialist_republic_of_sakat,0,0
socialist_states_of_east_antarctica,1,
socialist_weeb_republic,1,1
socialist_xlyvania,1,0
socialists_reformed,1,0
societas,1,0
society_of_russian_freedom,0,
soem,0,0
sohaib,,0
sol_galeo,1,0
solar_energy_and_free_states,0,1
solar_iii,0,1
solarampa,,0
solaryia,1,0
soletmaris,1,0
solicetine,1,1
solinarien,1,1
soliron_collective,1,
solomon-randomcrap_union,,0
soloriania,1,
solova,0,1
solracland,,1
solsmark,,0
solumnia,1,
solvastis,,0
solverthe,,0
someseni,1,1
sommath,,1
sonadie,,0
sonorica,1,
sophiasworld,1,1
sorcerx,0,1
sorchland,,1
sorealand,1,
soriana,1,
soriguana,0,
sorkjosen,1,
sorliva,1,
sortopia,,1
soruli,1,0
sotorana,1,
soughts_souble,1,
sougra,1,
souladasnea,1,
south-central_rhodesia,1,
south_boston_irishmen,1,1
south_helvetia,,0
south_otselic,1,0
south_parter,1,0
south_poopistan,1,0
south_unstunstia,0,
southeast_celebes,0,1
southern_folising_euctandered,1,0
southern_maluku,1,
southern_maus,1,0
southern_middle_earth,1,
southern_numenor,1,1
southern_peo_swandad,0,
southern_phia_aght,0,
southern_polish,,0
southern_speres_gardius,1,
southsea,1,0
southwest_crayonstan,0,
sova_vista,0,
sovereign_state1,1,
sovereign_states_of_kyria,,0
sovetsky-soyuz,1,
sovfedezi,0,1
soviet_federative_socialists,1,1
soviet_reuinion_part_two,0,0
soviet_socialist_republic_of_madagascar,1,1
soviet_taghouse,1,
soviet_terran,1,
sovietland,0,1
soviets_67,1,
sovietskogo_soyuz,1,
sovni-aguirre,,1
sowalia,1,0
sowerval,1,0
sozland,0,0
spaceballers,1,
spacedevo,1,
spaceimperix,1,
spartaaa,1,0
specil_peoplecom,,0
spestania,1,0
sphereba,,1
sphrantzes,1,1
spiraltar,,0
splena,1,
splotania,0,1
sponge_landia,0,
spooks_basement,1,
sporaltryus,0,
spudnikia,,1
spumgon,0,
sri_lanka-eelam,1,1
srius,1,1
srogne,1,1
srpski_novo_zelandjani,0,
ssrab,0,0
st_eccles,0,
st_jose,1,0
st_mauritius_and_dodos,0,
st_monans,1,
st_pio,,1
st_scarlett,0,1
stafftopia,0,0
stag_industries,1,
staidear,1,
stakovia,,0
stal_valley,1,0
stalill,1,1
stalkeri,1,1
stalliongrad_and_far-eastern_territories,0,1
stalmarc,1,0
staneburg,1,0
stanindanius,0,1
stankon,1,1
stant_van_shemaons,0,1
starcrest_united,1,0
starenia,1,0
stareogratia,1,0
starman_of_stardust,0,1
stasia_psychum,1,0
stata_pontificia,0,1
state_democratic_assembly,1,1
statii_ecclesiae,1,
statimpia,,1
statosnat,0,1
staypuftonia,1,
ste_sern,1,0
steamstate,1,0
steinbaun,1,0
stella_dragon,1,
stellar_colonies,1,
stendania,0,1
stephine21,,0
sti_vismana,1,1
stickofark,1,0
stigya,0,
stocial_toldac,,1
stonewall720,0,
stonewall_union,,0
storalia,1,
stotecia,1,0
stravonskaya,0,1
strawberry_moon,1,0
striynia,1,0
strogamehouf,1,0
stryker_corp,,0
student_loan_debt,0,
suave,1,0
subhamnation,1,0
sucothia,1,0
sudoeste,1,0
suecia_nova,1,0
suelo_rico,1,
suid_holland,1,
sulivannia,1,1
sullaan,0,1
sulphur_belt_cities,0,1
sumatra_island,1,0
sumentala,1,0
sumina,1,0
summerset_sea,0,0
sumran,1,0
sun_wo_kong,0,1
sundlant,1,1
sunny_glade,1,
sunosycon,0,
sunromath,0,
super_3arth,1,
super_democria,1,1
super_earth_and_managed_democracy,1,
super_nice_people,1,
superb_order,,0
suprus,1,0
surne,1,0
suryaloka,0,1
sutland_rep,0,
suveh,1,1
suvmia,0,1
suwaticsongiarrown,0,0
suzi_island,0,0
svarteyjar,0,
svartkladd,0,
svedria,1,1
svenhavn,1,0
sveniland,1,1
svetogradia,1,1
svetzia,1,
swanson_grove,0,
swat-gibar,1,0
swedias,1,
sweway,1,1
swiss_defects,1,1
switiod,1,
switzemburkistan,0,1
sycorat,,1
sycruliovin,1,
sydmark,,1
syldis,1,1
synaire,1,1
syndical_states_of_southronia,1,
syndicalist_africa,0,
syndralia,1,
syntaris,1,1
syntaros,1,0
synthenos,1,0
syranthial,1,1
syren_empire,1,
szentia,0,0
szurea,1,1
taas_union,1,1
tagoshima,1,
taimanokuni,1,0
taiwan_semicon_manufacturing_company,1,
talassar,,0
talitoa,1,
tallov,,0
tallstarr,1,0
talsien,1,0
talstand,,0
tamilpesum,1,
tan_oria,,1
tana_grocea,0,
taolk,0,
tapirana,1,
tarajapura,1,
tarbock_road,1,
tareqiyyah,,1
tarligean,1,0
tarzahaat,0,1
tasmania_and_bass_strait,0,
tastos_mids_say,0,
tatalia-nkisi,1,1
tataryanstan,,0
tatrum,0,
taurid,1,0
tavalia,1,1
tayvis,1,
tea_jol,1,
tearn,0,1
tearnia,,0
teays,0,
technocratic_emerald_bay,0,0
technocratic_pragmatists,1,0
technocratic_tagalog,,0
technogium,,0
tekong_island,1,0
tellotictacious_whindlewharf,0,1
tennesseen,1,1
tepertopia,1,1
ter_voland,1,
tergeste,0,0
terkati,1,
terra_tribensis,,0
terran_england,0,1
terrane,1,1
terranexia,1,
terranica_states,1,1
terraric_cermania,1,0
terre_di_oros,0,
territorio_di_nessuno,1,
tertiar,,1
tetaguasu,,0
teto_federation,1,
tetoslavya,1,0
tevokoso,1,
texaca,,0
texais,,1
texel_and_vlieland,1,0
texhoas,1,
teyuna,,0
tf1_task_force_1,,0
thaetefald,0,1
thalasselu,1,0
thalatay,0,1
thallassos,0,
thankful_besties,,0
tharlect,1,1
the-armageddon,1,1
the-midwest,0,1
the_1mperium_0f_man,,0
the_251,0,1
the_2nd_amendment,,0
the_akasha_colony,1,
the_all_enduring_peoples,,1
the_almightyy,0,
the_alter_world,0,
the_altrian_empire,,0
the_anaerobic_republic,0,
the_anarchist_territorys,1,1
the_ancient_albuquerque,1,
the_ancient_world,0,1
the_animalists,,0
the_arroyan_federation,1,0
the_astora_empire,1,
the_augustans,1,1
the_authority_of_the_underwater_cities,1,
the_bahamian_states,1,
the_balken_federation,1,
the_banana_moon,0,0
the_barke,1,
the_bitcoin,1,
the_blood_red_land_of_violence,1,
the_bolivian_socialist_falange,1,0
the_bosnia_imperium,,0
the_bronze_star,1,0
the_c_o_r_r_u_p_t_union,1,0
the_californian_enlightenment,1,
the_central_islands,1,0
the_cerberus_union,1,
the_cerulean_nation,1,1
the_cevanti_free_council,1,1
the_chaffinches,,1
the_champions_league,,0
the_championz,1,
the_chef_of_the_bar,,0
the_children_of_tessarion,1,
the_chill_isles,0,
the_chill_union,1,0
the_chizan,0,1
the_citrus_republic,0,
the_cobaltian_reublic,1,
the_coca_cola_islands,1,1
the_come_back_of_dolusma,1,
the_communist_soviet_of_india,1,0
the_continental_dominion,,1
the_crescenia,0,1
the_crimson_isles,,0
the_cross_guild,1,0
the_dale_snatfoxy,1,1
the_dams_wedia,0,
the_dark_aether,1,1
the_darwin_islands,1,
the_democratic_disney_states,0,
the_democratic_peoples_republic_of_memes,1,
the_democratic_republic_of_custer,,1
the_devskian_revolutionary_republic,1,0
the_divin_fist,1,0
the_dolein,0,1
the_dome,0,0
the_doomsday_islands,1,1
the_dovahkiin_caliphate,0,1
the_ecalpan_kangun,1,0
the_embassy_3_2,,1
the_empire_of_alerba,1,0
the_empire_of_brazilwood,,1
the_empire_of_italian_dutch,1,0
the_eoz,0,
the_estalan_union,1,
the_europians,0,1
the_far_eastern_republics,0,
the_federated_empire,,0
the_federated_states_of_baninia,,0
the_ferret_lands,0,1
the_florida_national_front,1,0
the_flyin,,1
the_forces_of_humanity,1,0
the_fourth_government_of_lassean,1,
the_freebird,1,
the_frozen_sea,1,0
the_galactic_american_imperium,1,
the_galactic_concordat_of_humanity,0,
the_galactic_triumvirate,,0
the_gates_of_delirium,1,0
the_gelseen_hegemony,,0
the_genovese_family,1,0
the_georgia_isles,1,0
the_german_space_front,,1
the_ghol,1,
the_grand_alliance_of_goons,1,
the_grand_llama,1,0
the_grand_lucas_crusades,1,
the_grand_republic_of_mystikpolem,1,0
the_grand_snake_empire,1,1
the_great_draga_empire,,0
the_great_empire_of_europe_ii,0,1
the_great_nevada_overlord,1,0
the_great_northern_isles,1,0
the_great_orange_pochita,1,
the_great_sand_unions,1,0
the_great_states_of_mexico,1,0
the_greater_ottomans,1,0
the_grene_knyght,0,
the_haplic_hegemony,1,0
the_heavenly_jin,,0
the_hidden_sand_village,,1
the_hiyah_empire,1,1
the_holy_astonic_empire,1,
the_holy_baptist_church,1,0
the_holy_caltro,1,
the_holy_empire_of_the_stars,1,0
the_holy_eucharist,1,
the_holy_principality_of_saint_mark,1,0
the_holy_union_of_italy,,0
the_hungarian_republic,1,
the_immaculate_plebeian,1,1
the_immortal_fire_nation,0,0
the_imperial_volovia,1,0
the_independent_island_of_vis,0,1
the_indochine,0,1
the_infinite_federation,1,1
the_interisolary_republic_of_elysium,,1
the_iron_directorate_of_kluxsaar,0,0
the_iron_lions,1,0
the_islamic_khilafah,1,0
the_island_of_kaamos,1,
the_jamdoin,0,1
the_jerichowan_country,,1
the_joeanian_republic,1,
the_kazintir_mandate,1,0
the_kingdom_of_foutania,1,1
the_kingdom_of_germany-kd,1,
the_kingdom_of_halloweenia,1,
the_kingdom_of_muggins,1,0
the_kingdom_of_rainier,0,1
the_krakle_people,1,
the_lagrangian_colonies,1,
the_lamia,1,
the_lastest_crusade,,0
the_leamid_empire,,1
the_legionarian_isles,0,
the_lide_collective,0,0
the_lizard_army,1,
the_lowtown_resistance,1,
the_malaysian_tamil_nadu,1,1
the_marineri_islands,0,1
the_martian_realm,1,
the_metallic_state,,1
the_midori_kaeru,1,0
the_military_of_gold_land_me,1,
the_millennia,0,0
the_mithril_city,1,
the_modern_byzantine_union,1,0
the_monolopem,1,
the_multiversal_system,0,
the_nation_of_nathan,1,0
the_national_ordocommunist_union,,0
the_neomasonic_gay_liberal_soros_state,1,0
the_neubritannisches_reich,1,1
the_new_age_empire,1,0
the_new_forish,1,0
the_new_ganges,1,0
the_new_global_order,1,
the_new_islands_of_fredonia,0,1
the_new_midlands,1,
the_new_palaces,1,
the_news_brook,1,
the_nightmare_and_dreams,1,0
the_northern_ice,1,
the_null_of_cyn,,0
the_og_your_moms_mom,1,
the_oldest_dream,1,1
the_ontariois,1,0
the_opac_islands,,1
the_orca_space_program,0,
the_other_margaret,1,0
the_pacific_enclave,1,
the_pacific_northwest,0,1
the_palace_of_god_2,0,1
the_palentine,,0
the_party_communist_republics,0,0
the_peoples_king_of_the_wildflowers,1,0
the_peoples_place_of_living,1,0
the_peoples_republic_of_guangzhou,1,
the_peoples_republic_of_kyle,1,0
the_persian_territories,0,1
the_pharaohship,1,0
the_philippine_islands_and_formosa,1,0
the_philosophical_kingdom_of_heathcliffe,0,
the_pillow_labyrinth,1,1
the_pink_feather,,0
the_polar_reigons,1,
the_portuguese_workers,0,1
the_prosperous_coast,0,1
the_provincial_union_of_the_pacific,1,
the_purple_dawn,1,
the_real_underground,1,0
the_red_cross,1,0
the_republic_of_buva,1,
the_republic_of_fironia,1,
the_republic_of_konsa,0,
the_republic_of_the_united_marble_tribes,0,1
the_republic_of_worldia,,0
the_republic_of_zeronoa,0,
the_republics_of_the_federation_of_gulf,,1
the_roman_catholic_imperium,0,0
the_royal_asmorian_federation,1,
the_royal_republic_of_kumania,0,1
the_ryanist_new_order,,1
the_sakartvelo,1,1
the_salaxalans,1,
the_salt_cheek_shoals,1,
the_sanctus_union,1,1
the_sb,1,0
the_scandinavian_realm,1,0
the_second_steriestan_nation,0,
the_secret_way,1,0
the_shadow_fold,1,
the_shaymen,1,0
the_silver_archipelago,,1
the_sinclarian_provinces,1,
the_sinistress,0,
the_socialist_federation_nord_machadonia,1,1
the_socialist_society,0,
the_solace_corperation,1,0
the_solarius_imperium,,0
the_solid_members,1,1
the_somme,1,
the_south_korea_peninsula,1,
the_south_sentinel_island,0,0
the_southern_great_lakes,1,1
the_southern_reclamation_movement,,1
the_soviet_republic_of_hickory,0,1
the_soviet_state_of_svalbard,0,1
the_soviet_states_of_europe,1,1
the_soviet_texas_union,,0
the_soylent_green_party,0,1
the_spire_of_shadows,,0
the_state_of_baathist_iraq,1,1
the_state_of_maddin,0,
the_states_of_ashkanza,0,1
the_states_of_ranamia,1,
the_states_of_turkmenitsan,1,0
the_stenchdom,,0
the_subojatori,,0
the_sun_on_rise,0,1
the_supersteses,1,1
the_supreme_uncs,1,
the_swiftest_warriors,1,
the_talisman,1,0
the_technocratic_authority,0,1
the_teddy,1,
the_terapins,1,0
the_teridome,,0
the_terren_dominion,,0
the_third_french_colonial_empire,0,1
the_three_hammers,1,1
the_tophet_shades,1,0
the_tree_states,,0
the_trilla_gang_mafia,1,
the_uhhhh,1,0
the_union_of_ibistic_states,1,0
the_union_of_oscand,0,1
the_union_of_the_people_of_britannia,1,
the_unionized_west,1,1
the_united_austro-hungarian_commonwealth,,0
the_united_brazil,1,
the_united_canadian_provinces,0,1
the_united_capital_of_adam,0,
the_united_corporate_commonwealth,1,0
the_united_isles_of_arnor,1,1
the_united_meraldian_councils,1,1
the_united_nations_of_kvenland,0,
the_united_neptumousian_empire,1,1
the_united_patagonian_states,1,0
the_united_republic_of_westend,,0
the_united_sovereign_state,,0
the_united_states_of_austin,1,0
the_united_terran_syndicates,0,
the_utes,0,1
the_van_der_linde_gang,1,0
the_vanguardian_system,1,
the_vanic_imperium,1,0
the_vektensisles,,1
the_veldt_strand,1,
the_vergville,1,
the_viiiminnians,0,0
the_voltarum,,1
the_warriors_of_determination,1,0
the_washington_federation,1,0
the_way_sun_cooperation,1,0
the_weirdo,0,
the_welzian_archipelago,1,1
the_western_american_coalition,1,1
the_western_european_commonwealth,1,1
the_western_states_of_canada,,0
the_western_union_of_communitas,1,1
the_windmilluminati,1,0
the_winter_islands,1,
the_workers_united,1,1
the_x-8_research_center,0,1
the_yakend_ned,1,
the_zombay,0,0
theavaion,0,
thebyes,1,
theedaria,0,1
thefun,0,1
thegoldenempiregermany,0,0
thehouseofsilly,1,0
thelandoffunfunfun,1,0
thenarthican,1,
theologos,1,
theorev,,1
ther_upper_cyat,0,
theres_more,,0
therme,0,1
thermodolian_wa_mission,1,
theroria,1,
theythemnya,0,
thinngy,1,
thiothard,1,1
third_indochina,1,1
thistkommissariat_cyberstan,1,0
thomas_harriot,1,1
thorn1000,,0
thornidor,,0
thorstonia,1,
thosularia,0,1
thr-1000,1,0
three_planets,1,
threyon,1,
thx1138,1,0
thy_salty_seamen,1,
thyrall,1,0
tibyrsk,1,
ticking_clocks,1,
tidemann,1,1
tiernesia,1,
tiglias,1,0
tigris_empire,0,0
tih,1,0
tikikey,1,1
timao,0,1
timbolandi,0,
timbuktia,1,0
tinell,1,0
tinhampton,0,1
tinjongnia,,1
tiodann,1,1
tir_gaelach,0,1
tircis,1,1
titanaria,0,
tkeignaoen,,0
tnp-ed,1,1
to-yu,0,
toadchester,1,1
toastarian,0,1
toddler_corporation,,0
toerana,0,0
tokau,1,0
tokora,1,0
tokuto,1,
tomboy_nation,,0
tomie,1,0
toreq,1,0
toriniall,,0
torneviera,,0
tosikivautopia,0,
totally_not_sweden,0,1
touisterland,0,1
tovenia,0,
tpose,0,0
tracian_empire,1,
tradila,,0
traensoles,1,1
tragesch_firwat,1,
transhalva,1,0
transorovia,1,
tranver,0,
trashmania_supreme,0,
trastal,1,0
treadwellia,1,0
treenova_nine,1,1
treue_land,1,
tri-tach,1,
tria_shas,1,1
tridonica,1,
trie_moodoweium,0,
trilaudhia,0,
trillius,1,
trimounts,1,0
tripod_ii,0,1
tritonitia,1,
triumphancy,1,0
troc,1,1
troll_punishers,1,0
trollmoor,1,0
trondime,1,
trong-hai,0,
trudaq_thunds,1,1
true_sikhs,1,0
trumpiff,0,1
trumpomania,1,0
trupska,,1
truskawkoland,0,
tryannisia,1,
tryienne,0,1
trysithian,0,
tsalkvalknov,1,0
tsardom_of_zimnyaya,1,0
tschabelia,1,
tschenstochau,1,1
tshana,1,0
tsjaka-tsjaka,0,
tsuskia,,1
tucanasia,1,
tudiculare,1,1
tugana,1,0
tullia,1,
tuluni,0,
tumpia,1,
tund_rhilra,1,1
tundar,1,0
tunghoang,1,1
tur_monkadzii,0,1
turanids,1,0
turinese_empire,,0
turkhaalberg,,0
turnips,1,
turpotia,0,0
turrimos,1,0
tushto,0,0
tutels,1,
tutsshmarain,0,
tvaroos,1,0
twakagera,0,
twindrill_territory,1,1
twisted_duality,1,0
tygualles,,1
typica,0,1
tyrannicalands,1,0
tyroclausia,1,0
tyrsbord,1,1
tystan,1,0
tyuiopia_2,0,1
tzafonia,1,0
tzechni,1,
u_s_eh,,0
ubergaffen,1,0
ubertas,,0
ucwsoa,1,
ueclaya,,0
uecyhoka,1,
ueladaria,0,
ufafe,,0
ufnationale,0,1
uga_bug,,1
ugric-finnish,1,0
ujedinjene_pokrajne_ilirske_i_slavenske,0,
ukijistan,,0
ulancia,,0
ulfper,,1
ulm-memmingen,1,0
ultimategooner,1,
ultrazion,0,
umeria,0,1
umi77,1,
umns_iznikmid,1,1
uncreative_name,1,0
ungroedy,,1
uni_nova_terra,1,
unia_mexy,0,
unicornlondia,,1
unicorns_rock,1,
unificado_del_pan,1,1
unified_lost_city_states,,1
unified_mongolia,,1
unikon,1,0
union_kingdoms,1,0
union_of_love,1,
union_of_new_dixie,0,0
union_of_pax_america,,0
union_of_siberan_republics,0,1
unisiara,0,1
unitan_republic,1,
unite_commune,1,
united_adaikes,1,0
united_allied_systems_nations,0,
united_antarctic_territories,1,
united_autonomus_states,1,
united_beherbia,0,0
united_bongo_states_of_the_new_america,1,1
united_californian_republic,0,1
united_cattania,1,1
united_cities_of_australia,1,
united_commonwealth_of_mora,1,
united_communes_of_chile,1,
united_ducc_empire,0,0
united_holiness_lands,1,1
united_independent_kingdoms,1,0
united_jacaria,1,1
united_kodiaks,1,
united_kolotarces,0,1
united_midlands,,1
united_music_nation,,1
united_nationals,0,0
united_nations_of_liberal_iland,0,
united_nations_of_yener,1,
united_north_amerika,0,
united_northern_territories,0,
united_of_russia,1,0
united_okticand,1,0
united_orange_valley_states,1,1
united_pomerania,,0
united_provinces_of_monrovia,1,
united_purgatory,1,0
united_republic_of_the_south_east,1,0
united_socialist_islands_of_aerospatiala,1,0
united_socialist_states_of_the_ussr,1,0
united_sorbia,1,
united_soviet_american_states,1,1
united_soviet_states_and_provinces,1,
united_states_of_alpha,0,1
united_states_of_america_75,1,
united_states_of_belvaria,1,0
united_states_of_camerica,1,
united_states_of_medford,1,
united_states_of_philipdelphia,1,
united_states_of_pluh,,1
united_states_of_the_southeast,1,0
united_territori,1,0
united_units,1,1
unixizkand,0,1
unobrunoland,0,1
unogonduria,,0
unsna,1,0
unsophisticate,1,0
untermite,0,1
untied_coulee_state,0,0
upper_agartha,1,0
upper_got,0,1
upper_ryu_lorty,,0
uragia,1,
urandanji,1,
urcea,1,0
urirela,1,
urlaska,,1
urothermom,0,
urttha,1,
urukian,1,1
urunk_helia,1,
urziksthan,1,0
usagiland,1,
usaint,0,
uson,0,1
usonia_federal_union,1,1
utarah,0,0
uteda,0,0
utopia72,1,
utopian_aspirations,1,
v217a,,1
vachon,1,0
vaderia,1,
vadsal,1,0
vaeruio,,1
vainola,1,
valadin,1,1
valard,1,
valcouria,1,
valdonia,1,0
valdra,0,
valdrun,1,
valeania,1,
valendrose,0,1
valensk,,1
valerion,1,0
valerite,1,0
valiron,1,
valistes,,1
valkeria,1,0
valkyrie_reborn,1,0
valmorea,1,0
valonian_states,1,0
valorensia,0,1
valotira,1,
valovian_lordships,,0
valstein,1,1
van_diemons_land,0,
vancovaria,0,1
vandermeer,1,0
vandrosyr,,0
vanuzgard,1,0
varangiana,1,1
varanius,1,0
vardanyia,0,1
vargstad,0,1
variland,1,
variosik,1,
varisland,1,0
varnupija,1,
varsharanya,1,
vaskeden,,1
vatrello,1,0
vaur_ausgartoprobs,0,1
vazieli,,0
veelania,1,1
vegaga,1,0
veksar,1,
velaryn_dominion,1,1
velhacruz,1,0
velisila_ljudstva,0,0
vellocs,1,
velmorria,1,
veln,1,0
vendonesam,1,
vendonesiam,0,1
venezaue,,0
venezouela,1,0
venezuelans,0,
veniceand,1,
venico,1,0
vennos,1,0
ventusky,1,0
verconia,,0
verithlana,1,1
verlian,0,
vermenie,0,1
vernidia,1,1
vertigoism,1,
vertis,,1
very_new_republic_of_madinia,0,1
vesilen_island,0,1
vespertina,0,
vestyria-greland-liermark,1,
veszcota,0,
vetement,1,0
vexilia,0,1
vibe_town,1,
vichtander,1,
vicinaleneo,,1
vicoria,1,0
vicotis_kor,1,0
victorh,1,
vienna-lorraine,1,1
vietnamese_empire,0,
vigh,,0
vikarion,1,0
vilanaland,,0
vile_island,0,1
villora,0,
viltraam,1,
viltrum_1,0,0
vimaran,1,
vinaboro,0,
vindobonia,,1
vinlandisia,1,0
vintrel,1,0
violent_hatred,0,
viperina,,0
viperreich,1,1
virentis,0,1
virgilan,0,
virginian_inquisitors,1,0
virginiastan,,0
viriske,1,0
viritanskyy,0,1
virksland,0,1
vishizzia,1,
vistua,1,0
vitorianiania,1,0
vivarex,1,1
viysalion,0,
vizykia,1,0
vlana_egamska,1,1
vobron,1,0
vochesh,1,
vodakia,1,
volaworand,,1
volkerben,0,
volkodor,0,
volksrepubliek_belgie,0,1
volletnia,1,1
voluja,1,
vonstania,,0
voopmont,1,
vorion,1,0
vostag,1,0
vostovica,1,
votak_matim,0,0
vox_the_tv_demon,0,0
voxija,1,0
vozklovt,1,0
vranovska_draga,,0
vraxar,,1
vsdf_5,1,
vtml,1,1
vulcan_persons,1,0
vulcravia,1,
vulgustan,1,
vulpea,1,
vulpencia,0,
vurk,0,0
vuvuvia,1,0
vwandalysm,1,
vyvonne,1,0
wabacha,,0
wabberjocky,1,
wacman,1,0
wadelhelpia,0,0
waffenbrightonburg,1,
waffia,1,1
wagenland,1,
wagner_group_pmc,1,0
waisnor,1,1
wakesrea,1,
walkabout,1,
walkernaria,0,1
wallanda,0,0
walloonia,,1
walnesntcuma,0,
walter_jackson,1,
wanoria,1,
warays,1,0
wariestgre,0,1
warkus,0,1
warmth,0,
warnen,1,
warom,1,
warrince,0,0
wasd12,1,0
watao,1,1
watidge,1,
wattsland,1,0
we_hate_our_people,1,0
web_nation,1,
weihbach,,1
weisgrad,1,0
weitzel,0,0
wellassona,1,1
wellhaven,0,1
weltbeherrschung,0,0
welveion,0,
wencee,1,0
werdenfel,1,0
wesh_chiba,0,1
wesia_urklatopetio,,0
wesian,1,0
wesmont,1,0
wess_bribedoreadomia,1,
west-syria,,1
west_almsworth,1,0
west_alria,0,0
west_domotrica,0,1
west_ferris,1,0
west_mark,1,1
west_russia_republic,1,
west_sakeroreme,,0
western_arba_fir,1,
western_forestria,0,1
western_hatiagingtorldur,1,1
western_isles_of_denmark,0,
western_osowiec,1,
western_rhomania,1,0
western_visayas,,1
western_vitermaet,0,
western_yakutsk,1,0
westinghous,0,1
westswedia,1,0
weveto,1,1
whelaen,1,
white_noise,1,1
whitespire,1,0
whole_foods_market,,1
wickedly_evil_people,1,0
wijaya_arama_hayuning_kuncaraningrat,0,1
wilhelmsstadt,0,1
wilkshire,0,
willofthepeople,1,
willomania,1,
willow_gate,1,
windurst,1,
wing-chester-lyon,1,0
winter_aura,1,0
wintermoot,1,1
winterworks,1,0
wisea,1,0
witheria,0,1
wizarding_creation,1,1
wohabutu,0,0
wolffoxia,1,0
wolfhawk,0,1
wolflandil,1,0
wolfsmarken,1,0
woodsmere,1,0
woorth_sectiaistan,1,0
woreyland,1,0
work_in_progress_kingdom,1,
wormpeople,0,1
wozmania,0,
wtchsrd,0,
wudovez,0,1
wuintonqu,1,
wulfsdenne,0,1
wutar_katari,0,1
wydad,1,0
wyndland,1,
wyrdas,1,
x_country,1,0
xaeloa,,0
xaltonia,1,
xarikistan,1,0
xastopia,1,0
xcarca,0,0
xenhe_lous,,0
xenick,1,0
xenmark,1,
xennox,,0
xeraphine_empire,1,0
xericinan,1,
xhobantho,1,
xialta,1,
xiggor,1,0
xindanian_islands,1,0
xithino,1,
xix_legion,1,0
xtorot,0,1
xtralandia,1,1
xxurbanxx,1,0
xyphoid_result,,1
xyuqur,1,0
xzavaria,1,
yachil,0,
yaknolia,1,1
yan_brock,1,
yardies,1,0
yarenja,1,0
yarktralia,1,
yarumab-corriopankt,,1
yasutaka,1,1
yazhoo,1,1
ybova,1,0
ydrenia,1,
ye_olde_patria,1,0
yedhudasia,1,
yekateria_and_farlandia,1,
yektov,1,
yeneralski,1,
yerachmeal,,1
yhudfg_khanate,1,0
yilfostera,1,0
yinberus,0,
yindistan,1,
ykq-2421,0,
yodle,1,1
yoiiatin,1,1
yokyo,1,1
yon_boon,1,
yongu,,1
yoresteria,1,1
york_zionia,1,0
yosen,,0
young_canada,0,
your_nation_name_here,,0
youtos_vom,0,
youtube_inc,1,
yugarritia,0,
yugonostalgia,,0
yugoscavia,,1
yugoslawia,0,
yukolia,1,1
yukti,,0
yun_tan,,1
yungerdash,1,0
yuraak,0,
yurbstan,1,
yurp,,0
yuskovsk,1,0
yuxi,,1
yuyu,1,1
yy4u,1,0
za_fortlande,1,0
zadhaxistan,,1
zadtsland,1,1
zagrah,1,
zagruelos,0,1
zaharial,1,0
zakrina,1,
zalann,1,1
zaleandist_zackistan,0,
zalozhnik,1,0
zalta,1,
zalzastan,0,1
zamboa,0,1
zandos,1,0
zanforadon,0,1
zangreba,0,
zanitopia,1,
zanphil,1,0
zantiom,1,1
zany_zanes,1,0
zaphora,1,
zarbirea,1,0
zavea,1,0
zavrixian,,1
zebastani,,0
zederosilo,,0
zeibs,1,0
zelenarossiya,,0
zemarynthia,1,
zemerinsk,,1
zemisnorth_technologies_ltd,1,0
zemshar,0,0
zenjen,0,
zenmanto,1,
zennit,,0
zenobiana,1,0
zentrova,1,0
zephyrion,1,
zeppekash,1,0
zesole,1,0
zestovakia,,0
zeu,1,0
zhengtium,1,
zhongguos,0,
zhoui,0,
zhs0715,1,
zhuanghwei,,0
ziemgale,1,0
zillaskia,1,
zimera,0,0
zimtopia,1,0
zinoviev,0,
zintai,1,0
zion_imperium,1,
zioniae,,0
zitronensaft,1,0
zlapadoslavia,0,0
zoenova,1,0
zombiedolphins,1,0
zoran,1,
zordennox,,0
zorkinthia,1,0
zorsica,1,0
zt333,1,0
zuhayera,,0
zulore,1,
zung-gwok,1,
zunsettia,0,1
zutroy,0,1
zuuri,1,1
zuwami_tamori,1,1
zvotokray,,1
zynax,1,1
zyvel,0,
